,value
2023-09-01 00:00:00,1.825067495602231
2023-09-01 01:00:00,2.1219387338744355
2023-09-01 02:00:00,2.3577428488779124
2023-09-01 03:00:00,2.9326981061732234
2023-09-01 04:00:00,2.8869909643498817
2023-09-01 05:00:00,2.767274382801558
2023-09-01 06:00:00,2.9330756788091756
2023-09-01 07:00:00,2.7900144068267916
2023-09-01 08:00:00,2.8060240719820877
2023-09-01 09:00:00,2.882208611814824
2023-09-01 10:00:00,2.550454156122425
2023-09-01 11:00:00,2.7159392814081342
2023-09-01 12:00:00,2.0751854851534963
2023-09-01 13:00:00,1.5584620529020579
2023-09-01 14:00:00,1.6619481461628898
2023-09-01 15:00:00,1.5088794622419601
2023-09-01 16:00:00,1.3528079945043503
2023-09-01 17:00:00,0.8152259831039135
2023-09-01 18:00:00,0.9704725170970325
2023-09-01 19:00:00,1.260436565076622
2023-09-01 20:00:00,0.7970288044407732
2023-09-01 21:00:00,1.1930098666090445
2023-09-01 22:00:00,1.2146124629146011
2023-09-01 23:00:00,1.5546669089180758
2023-09-02 00:00:00,1.7975085694512385
2023-09-02 01:00:00,2.508933011611208
2023-09-02 02:00:00,2.4530923930182498
2023-09-02 03:00:00,2.534435664918191
2023-09-02 04:00:00,2.6589042575075394
2023-09-02 05:00:00,2.9942592592633743
2023-09-02 06:00:00,2.997772874531867
2023-09-02 07:00:00,3.234740701223754
2023-09-02 08:00:00,2.9660287429558996
2023-09-02 09:00:00,2.42074722557354
2023-09-02 10:00:00,2.374203858481746
2023-09-02 11:00:00,2.472833547516716
2023-09-02 12:00:00,1.8757834604597248
2023-09-02 13:00:00,2.0880953898822217
2023-09-02 14:00:00,1.2803421137350515
2023-09-02 15:00:00,1.4074158894216113
2023-09-02 16:00:00,0.961731485535833
2023-09-02 17:00:00,0.9321551471216607
2023-09-02 18:00:00,1.2197163296462294
2023-09-02 19:00:00,1.008660741143228
2023-09-02 20:00:00,1.2966650452383823
2023-09-02 21:00:00,1.3875513377964126
2023-09-02 22:00:00,1.6507731367124587
2023-09-02 23:00:00,1.5635433126803764
2023-09-03 00:00:00,1.9556851203591994
2023-09-03 01:00:00,2.343669568722694
2023-09-03 02:00:00,2.3301854254612686
2023-09-03 03:00:00,3.033006789833012
2023-09-03 04:00:00,2.7105797953534116
2023-09-03 05:00:00,2.905925110901509
2023-09-03 06:00:00,2.7986881870411526
2023-09-03 07:00:00,2.5372642132413303
2023-09-03 08:00:00,3.225409108299425
2023-09-03 09:00:00,2.666238993805939
2023-09-03 10:00:00,2.410417032316892
2023-09-03 11:00:00,2.219076032768361
2023-09-03 12:00:00,2.2839727944392894
2023-09-03 13:00:00,1.5481596332845968
2023-09-03 14:00:00,1.6359135731530177
2023-09-03 15:00:00,1.2081355691035571
2023-09-03 16:00:00,1.0146404251079004
2023-09-03 17:00:00,1.1474858162149681
2023-09-03 18:00:00,1.1976481147485394
2023-09-03 19:00:00,0.9312935836549483
2023-09-03 20:00:00,0.9802047642805995
2023-09-03 21:00:00,1.059074069349046
2023-09-03 22:00:00,1.720700753345675
2023-09-03 23:00:00,1.6261297559362569
2023-09-04 00:00:00,1.6301738545449092
2023-09-04 01:00:00,2.5408094727817474
2023-09-04 02:00:00,2.2260280996094104
2023-09-04 03:00:00,2.86299888743836
2023-09-04 04:00:00,2.9027111331179425
2023-09-04 05:00:00,3.023508912732124
2023-09-04 06:00:00,2.8831249449377356
2023-09-04 07:00:00,3.0390441183339956
2023-09-04 08:00:00,2.5324694252075908
2023-09-04 09:00:00,2.8247143309345115
2023-09-04 10:00:00,2.8114020083064353
2023-09-04 11:00:00,2.435624484587785
2023-09-04 12:00:00,1.5960919829226565
2023-09-04 13:00:00,1.544339154442909
2023-09-04 14:00:00,1.46244101560504
2023-09-04 15:00:00,1.3902806798014415
2023-09-04 16:00:00,1.1126440614835174
2023-09-04 17:00:00,0.9354312962888323
2023-09-04 18:00:00,1.1190600615384585
2023-09-04 19:00:00,1.2669045269559245
2023-09-04 20:00:00,1.0875157947782403
2023-09-04 21:00:00,1.4386791922904991
2023-09-04 22:00:00,0.9841898509621048
2023-09-04 23:00:00,1.5536790776757345
2023-09-05 00:00:00,1.9357482125883971
2023-09-05 01:00:00,2.1611058009515927
2023-09-05 02:00:00,2.5665596434808897
2023-09-05 03:00:00,2.9098568906861995
2023-09-05 04:00:00,2.967359208990117
2023-09-05 05:00:00,2.841480731938057
2023-09-05 06:00:00,2.6954463818991625
2023-09-05 07:00:00,3.077318650404846
2023-09-05 08:00:00,2.498390055850436
2023-09-05 09:00:00,2.837714237867832
2023-09-05 10:00:00,2.4623101835739867
2023-09-05 11:00:00,2.0236520475148776
2023-09-05 12:00:00,2.0574514624933595
2023-09-05 13:00:00,1.740605734365682
2023-09-05 14:00:00,1.4926805414167492
2023-09-05 15:00:00,1.2760485595079738
2023-09-05 16:00:00,1.2178794179007908
2023-09-05 17:00:00,1.2189609781026338
2023-09-05 18:00:00,1.0993230396967704
2023-09-05 19:00:00,1.2365008116753942
2023-09-05 20:00:00,1.1251466524460003
2023-09-05 21:00:00,1.6165850836598459
2023-09-05 22:00:00,1.614221964425964
2023-09-05 23:00:00,1.6324421489609213
2023-09-06 00:00:00,1.7812209886531143
2023-09-06 01:00:00,2.299978405849337
2023-09-06 02:00:00,2.2386956954154784
2023-09-06 03:00:00,2.512431587675195
2023-09-06 04:00:00,2.9138428198591573
2023-09-06 05:00:00,2.8443483370326774
2023-09-06 06:00:00,2.8133367519546155
2023-09-06 07:00:00,2.959030817071388
2023-09-06 08:00:00,2.880560983605198
2023-09-06 09:00:00,2.6659399761428015
2023-09-06 10:00:00,2.4244906161881428
2023-09-06 11:00:00,2.4297475908450097
2023-09-06 12:00:00,2.068485470257363
2023-09-06 13:00:00,1.6964957324585432
2023-09-06 14:00:00,1.9928643867030749
2023-09-06 15:00:00,1.3316595661991355
2023-09-06 16:00:00,1.3603756229510269
2023-09-06 17:00:00,0.9218779730845796
2023-09-06 18:00:00,0.727411810558398
2023-09-06 19:00:00,0.8757228705822384
2023-09-06 20:00:00,1.0803726395359388
2023-09-06 21:00:00,1.1935715768675448
2023-09-06 22:00:00,1.767277236464561
2023-09-06 23:00:00,1.717172730478255
2023-09-07 00:00:00,2.0922937754882267
2023-09-07 01:00:00,2.249522813895943
2023-09-07 02:00:00,2.4132891334533615
2023-09-07 03:00:00,2.7147059838772525
2023-09-07 04:00:00,3.208835697738584
2023-09-07 05:00:00,2.812336107941705
2023-09-07 06:00:00,3.15339809011191
2023-09-07 07:00:00,2.760724375963913
2023-09-07 08:00:00,2.774100115330553
2023-09-07 09:00:00,2.7078234223774658
2023-09-07 10:00:00,2.5652750179453987
2023-09-07 11:00:00,2.5554447706972834
2023-09-07 12:00:00,1.989983471707098
2023-09-07 13:00:00,1.5724578335902974
2023-09-07 14:00:00,1.6300083946101558
2023-09-07 15:00:00,1.220059257030302
2023-09-07 16:00:00,1.1817109104019279
2023-09-07 17:00:00,1.0108296858033827
2023-09-07 18:00:00,0.6113086297426356
2023-09-07 19:00:00,1.1357340108297258
2023-09-07 20:00:00,1.2506481975798174
2023-09-07 21:00:00,1.4782141724751692
2023-09-07 22:00:00,1.8600925524920477
2023-09-07 23:00:00,1.5021602002047878
2023-09-08 00:00:00,2.10330148885635
2023-09-08 01:00:00,2.3406780444307116
2023-09-08 02:00:00,2.4161836014384366
2023-09-08 03:00:00,2.7865280284765
2023-09-08 04:00:00,2.96595479480683
2023-09-08 05:00:00,2.7221890602936285
2023-09-08 06:00:00,3.0492445522552867
2023-09-08 07:00:00,2.782328965088147
2023-09-08 08:00:00,2.7356541037983226
2023-09-08 09:00:00,2.3521578181488145
2023-09-08 10:00:00,2.4053278148995054
2023-09-08 11:00:00,2.218104910807825
2023-09-08 12:00:00,2.1099713734592767
2023-09-08 13:00:00,1.7413609402317045
2023-09-08 14:00:00,1.1915423698400665
2023-09-08 15:00:00,1.4653228301903067
2023-09-08 16:00:00,1.1102572715055463
2023-09-08 17:00:00,1.1317482917968644
2023-09-08 18:00:00,1.1931872236919403
2023-09-08 19:00:00,1.31859512350474
2023-09-08 20:00:00,1.5262199940885641
2023-09-08 21:00:00,1.2784454670791194
2023-09-08 22:00:00,1.5622248892187325
2023-09-08 23:00:00,1.52550873673412
2023-09-09 00:00:00,2.21232003400705
2023-09-09 01:00:00,2.0218415561881664
2023-09-09 02:00:00,2.1389496622739106
2023-09-09 03:00:00,2.8731839822546226
2023-09-09 04:00:00,2.7616860987948737
2023-09-09 05:00:00,3.121447282557514
2023-09-09 06:00:00,3.0816149298692337
2023-09-09 07:00:00,2.6399252960843262
2023-09-09 08:00:00,2.3220895309199143
2023-09-09 09:00:00,2.4877864317680056
2023-09-09 10:00:00,2.5032982973961744
2023-09-09 11:00:00,2.0144637781635666
2023-09-09 12:00:00,1.8694477101302631
2023-09-09 13:00:00,1.4493928087780183
2023-09-09 14:00:00,1.5339755919593872
2023-09-09 15:00:00,1.3110584042207236
2023-09-09 16:00:00,1.0376960714060344
2023-09-09 17:00:00,1.3134872339736798
2023-09-09 18:00:00,1.2995430054639128
2023-09-09 19:00:00,1.1471276142182212
2023-09-09 20:00:00,0.774020359922212
2023-09-09 21:00:00,1.071955189372331
2023-09-09 22:00:00,1.581426066216645
2023-09-09 23:00:00,1.6154694388485578
2023-09-10 00:00:00,1.902581713657633
2023-09-10 01:00:00,2.438612524020125
2023-09-10 02:00:00,2.602174964378478
2023-09-10 03:00:00,2.9699376679493388
2023-09-10 04:00:00,2.780183544455145
2023-09-10 05:00:00,3.240970910378447
2023-09-10 06:00:00,2.8891737505831028
2023-09-10 07:00:00,3.2658241243168207
2023-09-10 08:00:00,2.8871923325077966
2023-09-10 09:00:00,2.535004831764628
2023-09-10 10:00:00,2.173756098469295
2023-09-10 11:00:00,2.1985245821301893
2023-09-10 12:00:00,1.948753460400918
2023-09-10 13:00:00,1.912713336921974
2023-09-10 14:00:00,1.477881899438355
2023-09-10 15:00:00,1.2064068230977645
2023-09-10 16:00:00,1.3493820908050687
2023-09-10 17:00:00,0.989108861456901
2023-09-10 18:00:00,0.8847516367546193
2023-09-10 19:00:00,1.1489959571694457
2023-09-10 20:00:00,1.0360089524461074
2023-09-10 21:00:00,1.4246536471517501
2023-09-10 22:00:00,1.3806165776433565
2023-09-10 23:00:00,1.6965891183033996
2023-09-11 00:00:00,2.0304353951176437
2023-09-11 01:00:00,2.183993781049659
2023-09-11 02:00:00,2.4973097061285223
2023-09-11 03:00:00,2.870201175034561
2023-09-11 04:00:00,2.9481457620484464
2023-09-11 05:00:00,3.0621197962959927
2023-09-11 06:00:00,2.8729139122761467
2023-09-11 07:00:00,3.136491779943942
2023-09-11 08:00:00,2.9999378718862575
2023-09-11 09:00:00,2.90799061963888
2023-09-11 10:00:00,2.3547268335627813
2023-09-11 11:00:00,2.224327325766223
2023-09-11 12:00:00,2.126706780492079
2023-09-11 13:00:00,1.6194179314140573
2023-09-11 14:00:00,1.4547755060472052
2023-09-11 15:00:00,1.678054366305359
2023-09-11 16:00:00,1.5243267986691278
2023-09-11 17:00:00,1.2820622836764035
2023-09-11 18:00:00,1.1877170272499535
2023-09-11 19:00:00,0.8302239438099033
2023-09-11 20:00:00,1.236487042500785
2023-09-11 21:00:00,1.2210698998002703
2023-09-11 22:00:00,1.2882856204789277
2023-09-11 23:00:00,1.639379787179211
2023-09-12 00:00:00,2.023133014809274
2023-09-12 01:00:00,2.1493479302427865
2023-09-12 02:00:00,2.389840114858626
2023-09-12 03:00:00,2.865515080871144
2023-09-12 04:00:00,2.894846700809083
2023-09-12 05:00:00,3.0126174422215293
2023-09-12 06:00:00,3.02237447937926
2023-09-12 07:00:00,2.83078519761474
2023-09-12 08:00:00,2.5919110201923
2023-09-12 09:00:00,2.7692197232706457
2023-09-12 10:00:00,2.398592673574907
2023-09-12 11:00:00,1.8566625913853458
2023-09-12 12:00:00,1.9214865484069759
2023-09-12 13:00:00,1.5227373666293524
2023-09-12 14:00:00,1.6397300468615539
2023-09-12 15:00:00,1.397218264261527
2023-09-12 16:00:00,1.2333532251832555
2023-09-12 17:00:00,0.901065850079195
2023-09-12 18:00:00,1.1463103163724309
2023-09-12 19:00:00,1.0980041303377455
2023-09-12 20:00:00,1.0520036885276003
2023-09-12 21:00:00,1.2022257323857488
2023-09-12 22:00:00,1.6785416305747352
2023-09-12 23:00:00,1.6464601435047501
2023-09-13 00:00:00,2.0607312947052527
2023-09-13 01:00:00,2.4656104424650693
2023-09-13 02:00:00,2.8818685251114218
2023-09-13 03:00:00,3.0398814060740893
2023-09-13 04:00:00,3.046189956626239
2023-09-13 05:00:00,2.6647435559747903
2023-09-13 06:00:00,2.862190314116406
2023-09-13 07:00:00,2.8563083887945613
2023-09-13 08:00:00,3.1966553702975053
2023-09-13 09:00:00,2.567243192992127
2023-09-13 10:00:00,2.577233275419676
2023-09-13 11:00:00,2.278992457753991
2023-09-13 12:00:00,1.8129745581124908
2023-09-13 13:00:00,1.817545756821361
2023-09-13 14:00:00,1.5796592172395079
2023-09-13 15:00:00,1.0417382424651538
2023-09-13 16:00:00,1.3785500856262471
2023-09-13 17:00:00,0.6167721679398939
2023-09-13 18:00:00,0.8818485694180076
2023-09-13 19:00:00,1.228468232484048
2023-09-13 20:00:00,0.8953230295207526
2023-09-13 21:00:00,1.362946402725853
2023-09-13 22:00:00,1.2407279223449148
2023-09-13 23:00:00,1.72257612600863
2023-09-14 00:00:00,1.5372453773655497
2023-09-14 01:00:00,2.0903047047599177
2023-09-14 02:00:00,2.1914157105691356
2023-09-14 03:00:00,2.626754032761248
2023-09-14 04:00:00,2.782979124620105
2023-09-14 05:00:00,2.8311929920272414
2023-09-14 06:00:00,3.1595826393133493
2023-09-14 07:00:00,2.7885499055147824
2023-09-14 08:00:00,2.992902738422248
2023-09-14 09:00:00,3.0329619351783226
2023-09-14 10:00:00,2.5278128300609453
2023-09-14 11:00:00,2.087285004187442
2023-09-14 12:00:00,1.7501322970276985
2023-09-14 13:00:00,1.5992239348735915
2023-09-14 14:00:00,1.6409285441499817
2023-09-14 15:00:00,1.3240113658072286
2023-09-14 16:00:00,1.3213336394663666
2023-09-14 17:00:00,1.1881403495763758
2023-09-14 18:00:00,1.0281621303756472
2023-09-14 19:00:00,1.1287718260442232
2023-09-14 20:00:00,1.5050238380996597
2023-09-14 21:00:00,1.576024464048388
2023-09-14 22:00:00,1.439450796619156
2023-09-14 23:00:00,1.9391168432846457
2023-09-15 00:00:00,2.1171701611635836
2023-09-15 01:00:00,2.48609666061046
2023-09-15 02:00:00,2.6343233144071814
2023-09-15 03:00:00,2.512273294177945
2023-09-15 04:00:00,2.5420884907099
2023-09-15 05:00:00,3.080451229730081
2023-09-15 06:00:00,3.3805236396739664
2023-09-15 07:00:00,2.810793004701074
2023-09-15 08:00:00,2.8284074561745114
2023-09-15 09:00:00,2.499957235947503
2023-09-15 10:00:00,2.7355659009411344
2023-09-15 11:00:00,1.7977856740938112
2023-09-15 12:00:00,1.5472679397928526
2023-09-15 13:00:00,1.8161849388615154
2023-09-15 14:00:00,1.4835312706417394
2023-09-15 15:00:00,1.1969686157986932
2023-09-15 16:00:00,1.0737556389108827
2023-09-15 17:00:00,1.1414717566022041
2023-09-15 18:00:00,0.917239202190067
2023-09-15 19:00:00,0.8146891793643061
2023-09-15 20:00:00,0.9485020106009667
2023-09-15 21:00:00,1.4705609912128152
2023-09-15 22:00:00,1.3950516090075564
2023-09-15 23:00:00,1.4641254381440345
2023-09-16 00:00:00,2.0204356653887974
2023-09-16 01:00:00,2.359817989458507
2023-09-16 02:00:00,2.765792149510638
2023-09-16 03:00:00,2.750687458610882
2023-09-16 04:00:00,2.7340831543425024
2023-09-16 05:00:00,3.060727399744475
2023-09-16 06:00:00,3.145434974004087
2023-09-16 07:00:00,2.9581447649563053
2023-09-16 08:00:00,2.8571055252393305
2023-09-16 09:00:00,2.759133362174304
2023-09-16 10:00:00,2.486028700348772
2023-09-16 11:00:00,2.3088418264791475
2023-09-16 12:00:00,1.7956173351146216
2023-09-16 13:00:00,1.5110934009337762
2023-09-16 14:00:00,1.3327777240998375
2023-09-16 15:00:00,1.4213354074793447
2023-09-16 16:00:00,1.1857341096836838
2023-09-16 17:00:00,1.2421219665608452
2023-09-16 18:00:00,0.9626618155770781
2023-09-16 19:00:00,0.8053458945425607
2023-09-16 20:00:00,1.362885303272475
2023-09-16 21:00:00,1.289139807705463
2023-09-16 22:00:00,1.7566910072532993
2023-09-16 23:00:00,1.8607702531759034
2023-09-17 00:00:00,2.4377237357645636
2023-09-17 01:00:00,2.2148644479598527
2023-09-17 02:00:00,2.6801447810178356
2023-09-17 03:00:00,2.885379602457142
2023-09-17 04:00:00,2.7550001346855426
2023-09-17 05:00:00,2.931429362867675
2023-09-17 06:00:00,2.7076523315566554
2023-09-17 07:00:00,2.6561665988885355
2023-09-17 08:00:00,2.8913391640905965
2023-09-17 09:00:00,2.8657081953260315
2023-09-17 10:00:00,2.6276048066991065
2023-09-17 11:00:00,2.32682396475446
2023-09-17 12:00:00,2.1726034306302187
2023-09-17 13:00:00,1.6232413957576202
2023-09-17 14:00:00,1.445493450302446
2023-09-17 15:00:00,1.440397521496231
2023-09-17 16:00:00,1.2205983421053452
2023-09-17 17:00:00,0.9920364109515829
2023-09-17 18:00:00,1.264158877225583
2023-09-17 19:00:00,0.7756739235015031
2023-09-17 20:00:00,1.0302388587578415
2023-09-17 21:00:00,1.236213663922196
2023-09-17 22:00:00,1.663306975954754
2023-09-17 23:00:00,1.7416579944805346
2023-09-18 00:00:00,1.7477016506418657
2023-09-18 01:00:00,2.3616198810657307
2023-09-18 02:00:00,2.7175092630933717
2023-09-18 03:00:00,2.854967687813153
2023-09-18 04:00:00,2.989856388105534
2023-09-18 05:00:00,2.5910631269408553
2023-09-18 06:00:00,2.8200227046513033
2023-09-18 07:00:00,3.0623419480235103
2023-09-18 08:00:00,2.8550477668335605
2023-09-18 09:00:00,2.8116183015863134
2023-09-18 10:00:00,2.2467314646074064
2023-09-18 11:00:00,2.2465200922455457
2023-09-18 12:00:00,1.7220437962207522
2023-09-18 13:00:00,1.350445242373611
2023-09-18 14:00:00,1.5591558177013818
2023-09-18 15:00:00,1.461410978104856
2023-09-18 16:00:00,1.1830978817959175
2023-09-18 17:00:00,1.0274748776580005
2023-09-18 18:00:00,0.6875971316341467
2023-09-18 19:00:00,1.2352955871304436
2023-09-18 20:00:00,1.125165616740368
2023-09-18 21:00:00,1.6848056198546049
2023-09-18 22:00:00,1.688462861655387
2023-09-18 23:00:00,1.3401558695670508
2023-09-19 00:00:00,2.151009936051173
2023-09-19 01:00:00,1.9795119975878932
2023-09-19 02:00:00,2.3481009019141736
2023-09-19 03:00:00,2.6569554458345124
2023-09-19 04:00:00,2.8472129137119113
2023-09-19 05:00:00,3.0454388694125605
2023-09-19 06:00:00,2.7954289918391573
2023-09-19 07:00:00,2.7357874254377395
2023-09-19 08:00:00,2.98614644413105
2023-09-19 09:00:00,2.704456727599751
2023-09-19 10:00:00,2.5348746097403083
2023-09-19 11:00:00,1.820082374763598
2023-09-19 12:00:00,1.9645725233369362
2023-09-19 13:00:00,1.5630351182851865
2023-09-19 14:00:00,1.3158747253966245
2023-09-19 15:00:00,1.4772801796583805
2023-09-19 16:00:00,0.9148403504210636
2023-09-19 17:00:00,0.815494852445726
2023-09-19 18:00:00,0.9337978793196509
2023-09-19 19:00:00,1.124131939840401
2023-09-19 20:00:00,0.9571716502659424
2023-09-19 21:00:00,1.5397220259694684
2023-09-19 22:00:00,1.789969505072231
2023-09-19 23:00:00,1.5648915416037805
2023-09-20 00:00:00,1.950983648884617
2023-09-20 01:00:00,2.103083950570995
2023-09-20 02:00:00,2.162923579025747
2023-09-20 03:00:00,2.767708991277779
2023-09-20 04:00:00,3.012744377430317
2023-09-20 05:00:00,3.3682986789143774
2023-09-20 06:00:00,2.8205180992737326
2023-09-20 07:00:00,3.2331728444515946
2023-09-20 08:00:00,3.1344961420360296
2023-09-20 09:00:00,2.746677443099982
2023-09-20 10:00:00,2.62043269791521
2023-09-20 11:00:00,2.433473654762678
2023-09-20 12:00:00,2.394819989648388
2023-09-20 13:00:00,1.8367426674207867
2023-09-20 14:00:00,1.4879724228992677
2023-09-20 15:00:00,1.119659459011956
2023-09-20 16:00:00,1.1950387472180624
2023-09-20 17:00:00,1.2389071602655441
2023-09-20 18:00:00,1.0489220722658943
2023-09-20 19:00:00,0.8780895239259299
2023-09-20 20:00:00,1.1517898367148687
2023-09-20 21:00:00,1.267062522321428
2023-09-20 22:00:00,1.5529477515511347
2023-09-20 23:00:00,1.40881128145383
2023-09-21 00:00:00,2.110157722820527
2023-09-21 01:00:00,2.3779036764552552
2023-09-21 02:00:00,2.5889706876373
2023-09-21 03:00:00,2.7063542177575375
2023-09-21 04:00:00,2.5048381512637548
2023-09-21 05:00:00,2.962061267894814
2023-09-21 06:00:00,3.212142999868434
2023-09-21 07:00:00,2.79390005103058
2023-09-21 08:00:00,2.4681715105521858
2023-09-21 09:00:00,2.398995186812418
2023-09-21 10:00:00,2.5628051383641246
2023-09-21 11:00:00,2.333394246873004
2023-09-21 12:00:00,2.177258638924309
2023-09-21 13:00:00,1.7301291557515555
2023-09-21 14:00:00,1.1999343248042846
2023-09-21 15:00:00,1.1291923906947103
2023-09-21 16:00:00,1.297742470735436
2023-09-21 17:00:00,1.0621733551988273
2023-09-21 18:00:00,1.1299659269359958
2023-09-21 19:00:00,1.1210319348031366
2023-09-21 20:00:00,1.0929824858695003
2023-09-21 21:00:00,1.2580918513118489
2023-09-21 22:00:00,1.8714204539511834
2023-09-21 23:00:00,1.824115808219317
2023-09-22 00:00:00,1.97428248993673
2023-09-22 01:00:00,2.3499030432898653
2023-09-22 02:00:00,2.5445811639248466
2023-09-22 03:00:00,2.275635506487655
2023-09-22 04:00:00,2.9960423066589055
2023-09-22 05:00:00,3.3301136811070005
2023-09-22 06:00:00,2.8439440263219873
2023-09-22 07:00:00,3.2567329760569077
2023-09-22 08:00:00,2.8146514643180627
2023-09-22 09:00:00,2.765801060716516
2023-09-22 10:00:00,2.714072003394633
2023-09-22 11:00:00,2.1148187588443483
2023-09-22 12:00:00,2.2484987825637033
2023-09-22 13:00:00,1.4983374986256117
2023-09-22 14:00:00,1.3249690502172342
2023-09-22 15:00:00,1.1741891553439554
2023-09-22 16:00:00,1.2663756695059432
2023-09-22 17:00:00,0.9658992915970361
2023-09-22 18:00:00,0.6960051080828265
2023-09-22 19:00:00,0.9907675993409646
2023-09-22 20:00:00,0.977130319708686
2023-09-22 21:00:00,1.4391519429815143
2023-09-22 22:00:00,1.431352989108972
2023-09-22 23:00:00,1.7553357700776098
2023-09-23 00:00:00,1.9189055085718745
2023-09-23 01:00:00,2.345606838748568
2023-09-23 02:00:00,2.463281847305887
2023-09-23 03:00:00,2.772146524123945
2023-09-23 04:00:00,2.3473476908360897
2023-09-23 05:00:00,2.9853760016846245
2023-09-23 06:00:00,3.0827827340220466
2023-09-23 07:00:00,2.926069815306147
2023-09-23 08:00:00,2.999903898062951
2023-09-23 09:00:00,2.8548281869851113
2023-09-23 10:00:00,2.760842778369917
2023-09-23 11:00:00,2.2797813667169873
2023-09-23 12:00:00,1.6172398590660058
2023-09-23 13:00:00,1.2840810651395438
2023-09-23 14:00:00,1.179631809585108
2023-09-23 15:00:00,1.2853118065766285
2023-09-23 16:00:00,1.1025135385594462
2023-09-23 17:00:00,1.0893221441149306
2023-09-23 18:00:00,0.8749508154885652
2023-09-23 19:00:00,0.8867759394097823
2023-09-23 20:00:00,1.2449841846976533
2023-09-23 21:00:00,1.4240781010879457
2023-09-23 22:00:00,1.4486699729039025
2023-09-23 23:00:00,1.733485623249668
2023-09-24 00:00:00,2.0808628686657853
2023-09-24 01:00:00,2.359687760135116
2023-09-24 02:00:00,2.2712038600802558
2023-09-24 03:00:00,2.5631920100029664
2023-09-24 04:00:00,2.619916194655358
2023-09-24 05:00:00,2.8645445033217025
2023-09-24 06:00:00,3.1624667178683663
2023-09-24 07:00:00,3.075180199677824
2023-09-24 08:00:00,2.6464058117119276
2023-09-24 09:00:00,2.8095601265517383
2023-09-24 10:00:00,2.517168621068501
2023-09-24 11:00:00,2.16003370368534
2023-09-24 12:00:00,1.7187080689792973
2023-09-24 13:00:00,1.7062162805739403
2023-09-24 14:00:00,1.6359888012231967
2023-09-24 15:00:00,0.8602736891342257
2023-09-24 16:00:00,1.054749956665266
2023-09-24 17:00:00,1.4849309134719264
2023-09-24 18:00:00,1.1345273437136187
2023-09-24 19:00:00,1.0860406727116216
2023-09-24 20:00:00,0.9865375623013728
2023-09-24 21:00:00,1.1572272512386563
2023-09-24 22:00:00,1.4833423208600118
2023-09-24 23:00:00,2.0617536807728927
2023-09-25 00:00:00,2.0931178381789803
2023-09-25 01:00:00,2.0843873655483587
2023-09-25 02:00:00,2.735357392476758
2023-09-25 03:00:00,2.6485879397549232
2023-09-25 04:00:00,3.2054946999872285
2023-09-25 05:00:00,2.8526052213615296
2023-09-25 06:00:00,2.7993468486192223
2023-09-25 07:00:00,3.000851741851783
2023-09-25 08:00:00,3.0624908005445093
2023-09-25 09:00:00,2.9145957405327394
2023-09-25 10:00:00,2.531838353333767
2023-09-25 11:00:00,2.0611997075087953
2023-09-25 12:00:00,1.8989318556204113
2023-09-25 13:00:00,1.3375245812266436
2023-09-25 14:00:00,1.3173756924862356
2023-09-25 15:00:00,1.2572018558340137
2023-09-25 16:00:00,1.2117750243462626
2023-09-25 17:00:00,0.9661833094179764
2023-09-25 18:00:00,0.9886041890044521
2023-09-25 19:00:00,0.9548370847609648
2023-09-25 20:00:00,1.284179657053513
2023-09-25 21:00:00,1.113070631128127
2023-09-25 22:00:00,1.6675095828292514
2023-09-25 23:00:00,2.133357117400254
2023-09-26 00:00:00,2.0945579312043874
2023-09-26 01:00:00,2.1534007230577217
2023-09-26 02:00:00,2.392745971182634
2023-09-26 03:00:00,2.9490742256233657
2023-09-26 04:00:00,2.640707518610028
2023-09-26 05:00:00,2.775164942234552
2023-09-26 06:00:00,2.767110309225907
2023-09-26 07:00:00,2.71022305818493
2023-09-26 08:00:00,2.657062139908475
2023-09-26 09:00:00,2.865087769543651
2023-09-26 10:00:00,2.7204565129176035
2023-09-26 11:00:00,2.1194044306305018
2023-09-26 12:00:00,2.041466809209148
2023-09-26 13:00:00,1.8930122899191273
2023-09-26 14:00:00,1.5201128406194262
2023-09-26 15:00:00,1.1019046672900135
2023-09-26 16:00:00,0.8398942491879471
2023-09-26 17:00:00,1.2361596843360396
2023-09-26 18:00:00,1.099235882457676
2023-09-26 19:00:00,1.1494653523906608
2023-09-26 20:00:00,0.9124452160353562
2023-09-26 21:00:00,1.3398886573912705
2023-09-26 22:00:00,1.6257999174913564
2023-09-26 23:00:00,1.8039877236269077
2023-09-27 00:00:00,1.8509953566384416
2023-09-27 01:00:00,2.461271147115576
2023-09-27 02:00:00,2.194473610364242
2023-09-27 03:00:00,2.8928551661479394
2023-09-27 04:00:00,3.082236592601846
2023-09-27 05:00:00,3.2803918897961117
2023-09-27 06:00:00,2.9315015619499114
2023-09-27 07:00:00,2.7660398229767686
2023-09-27 08:00:00,3.024801476246119
2023-09-27 09:00:00,2.567263725369153
2023-09-27 10:00:00,2.5087991022887906
2023-09-27 11:00:00,2.1953266016705175
2023-09-27 12:00:00,1.819585605717386
2023-09-27 13:00:00,1.8053808481344795
2023-09-27 14:00:00,1.2215968166884053
2023-09-27 15:00:00,1.4113343551422644
2023-09-27 16:00:00,0.9405883785242128
2023-09-27 17:00:00,0.6877279044173434
2023-09-27 18:00:00,0.9899785082419414
2023-09-27 19:00:00,1.1204009442731766
2023-09-27 20:00:00,1.2493615156261964
2023-09-27 21:00:00,1.4565639649788769
2023-09-27 22:00:00,1.0292719200619151
2023-09-27 23:00:00,1.540152068706151
2023-09-28 00:00:00,2.021330458900593
2023-09-28 01:00:00,2.562619701089745
2023-09-28 02:00:00,2.656748898734924
2023-09-28 03:00:00,3.0873747915561585
2023-09-28 04:00:00,2.761037519201635
2023-09-28 05:00:00,3.02080922534547
2023-09-28 06:00:00,2.7800058384861384
2023-09-28 07:00:00,2.8850553823642713
2023-09-28 08:00:00,2.718966260127859
2023-09-28 09:00:00,2.5803090493231986
2023-09-28 10:00:00,2.421310175762879
2023-09-28 11:00:00,2.2593625530806616
2023-09-28 12:00:00,2.0044425329033215
2023-09-28 13:00:00,1.8498716428140123
2023-09-28 14:00:00,1.5279976934773782
2023-09-28 15:00:00,1.2240840930435466
2023-09-28 16:00:00,1.029458887909167
2023-09-28 17:00:00,0.9726478296791976
2023-09-28 18:00:00,0.910192571710607
2023-09-28 19:00:00,1.1322683847473223
2023-09-28 20:00:00,1.3070796343498217
2023-09-28 21:00:00,1.5477021264028665
2023-09-28 22:00:00,1.3404594480118956
2023-09-28 23:00:00,1.8350553999652144
2023-09-29 00:00:00,1.721064071681458
2023-09-29 01:00:00,2.333453988753038
2023-09-29 02:00:00,2.7165344564181972
2023-09-29 03:00:00,2.677188880853162
2023-09-29 04:00:00,3.080552613236213
2023-09-29 05:00:00,2.7382122522259675
2023-09-29 06:00:00,2.822270943381673
2023-09-29 07:00:00,2.938763857760332
2023-09-29 08:00:00,3.070467474701601
2023-09-29 09:00:00,2.6236208899181603
2023-09-29 10:00:00,2.4092893798182753
2023-09-29 11:00:00,2.0604933734269144
2023-09-29 12:00:00,2.0405762088885417
2023-09-29 13:00:00,1.9905199830763751
2023-09-29 14:00:00,1.6401360218187389
2023-09-29 15:00:00,1.4322233496806995
2023-09-29 16:00:00,1.0925797012308345
2023-09-29 17:00:00,0.921412301858157
2023-09-29 18:00:00,1.135449183283274
2023-09-29 19:00:00,1.0276919585841
2023-09-29 20:00:00,1.099252949071682
2023-09-29 21:00:00,1.4725413432941574
2023-09-29 22:00:00,1.4604425096654636
2023-09-29 23:00:00,1.5736257030204297
2023-09-30 00:00:00,2.1818376990661648
2023-09-30 01:00:00,2.2749630231893025
2023-09-30 02:00:00,2.292594131230252
2023-09-30 03:00:00,2.4845256022122224
2023-09-30 04:00:00,2.8851077789498007
2023-09-30 05:00:00,3.4334077585847274
2023-09-30 06:00:00,2.921435879290758
2023-09-30 07:00:00,2.898671054471959
2023-09-30 08:00:00,3.1707796433078577
2023-09-30 09:00:00,2.69565054122845
2023-09-30 10:00:00,2.210306627350402
2023-09-30 11:00:00,1.9442597545929048
2023-09-30 12:00:00,2.2453327947574784
2023-09-30 13:00:00,1.8744518633475191
2023-09-30 14:00:00,1.6652251416862578
2023-09-30 15:00:00,1.2813419071377194
2023-09-30 16:00:00,0.9886321910190043
2023-09-30 17:00:00,0.9906415505660975
2023-09-30 18:00:00,1.0272062434748754
2023-09-30 19:00:00,0.8664119425711969
2023-09-30 20:00:00,1.2462645781257873
2023-09-30 21:00:00,1.040973985053495
2023-09-30 22:00:00,1.4334482470849463
2023-09-30 23:00:00,1.700379380402177
2023-10-01 00:00:00,1.8617960373649332
2023-10-01 01:00:00,1.8177179740985439
2023-10-01 02:00:00,2.589573932822222
2023-10-01 03:00:00,2.555956629098497
2023-10-01 04:00:00,3.131166995649305
2023-10-01 05:00:00,2.897529370752256
2023-10-01 06:00:00,2.891728082313756
2023-10-01 07:00:00,2.984230215644841
2023-10-01 08:00:00,3.076713353510533
2023-10-01 09:00:00,2.5944252485629344
2023-10-01 10:00:00,2.702947538965949
2023-10-01 11:00:00,2.546879773306057
2023-10-01 12:00:00,2.198064562131193
2023-10-01 13:00:00,2.066467253095954
2023-10-01 14:00:00,1.7585292042024823
2023-10-01 15:00:00,1.5958696775920584
2023-10-01 16:00:00,1.454839860098703
2023-10-01 17:00:00,1.075688079636922
2023-10-01 18:00:00,0.9141552200855603
2023-10-01 19:00:00,0.5816254466621702
2023-10-01 20:00:00,0.869427972311192
2023-10-01 21:00:00,1.203236658981705
2023-10-01 22:00:00,1.423652982551884
2023-10-01 23:00:00,1.7106220622170394
2023-10-02 00:00:00,1.7998479019502351
2023-10-02 01:00:00,1.939663522814252
2023-10-02 02:00:00,2.4739553667066567
2023-10-02 03:00:00,2.669223195424177
2023-10-02 04:00:00,2.704514595474475
2023-10-02 05:00:00,2.8174953939589913
2023-10-02 06:00:00,2.8119686816255185
2023-10-02 07:00:00,2.886621078485808
2023-10-02 08:00:00,2.6947648383853897
2023-10-02 09:00:00,2.9590818474899465
2023-10-02 10:00:00,2.5481993464090364
2023-10-02 11:00:00,2.06435546149725
2023-10-02 12:00:00,1.9439104437065062
2023-10-02 13:00:00,1.5051238336272574
2023-10-02 14:00:00,1.7024336590349647
2023-10-02 15:00:00,1.5697305637296164
2023-10-02 16:00:00,1.3843749927661633
2023-10-02 17:00:00,0.8051356474624152
2023-10-02 18:00:00,0.9817465960547649
2023-10-02 19:00:00,0.95376003860835
2023-10-02 20:00:00,1.246377217398391
2023-10-02 21:00:00,1.091311258156669
2023-10-02 22:00:00,1.364821661199775
2023-10-02 23:00:00,1.6585375492271293
2023-10-03 00:00:00,2.030657693826477
2023-10-03 01:00:00,2.3976447867300714
2023-10-03 02:00:00,2.4342544614526864
2023-10-03 03:00:00,2.8398997962917845
2023-10-03 04:00:00,3.0304406751438653
2023-10-03 05:00:00,2.9232827789146985
2023-10-03 06:00:00,2.7508683734268806
2023-10-03 07:00:00,2.7316877592022415
2023-10-03 08:00:00,2.9843707988147647
2023-10-03 09:00:00,2.611861893923625
2023-10-03 10:00:00,2.1574741354635156
2023-10-03 11:00:00,2.3814095187391198
2023-10-03 12:00:00,2.0259109041092622
2023-10-03 13:00:00,1.4599875386689358
2023-10-03 14:00:00,1.7358839962405304
2023-10-03 15:00:00,1.4602204162450174
2023-10-03 16:00:00,1.1617236464736036
2023-10-03 17:00:00,0.7792103001640494
2023-10-03 18:00:00,0.7195338934229434
2023-10-03 19:00:00,0.9726604763426403
2023-10-03 20:00:00,0.7911915183054858
2023-10-03 21:00:00,1.3739092734503506
2023-10-03 22:00:00,1.2178353373239168
2023-10-03 23:00:00,1.7741635007484098
2023-10-04 00:00:00,1.9423737094546538
2023-10-04 01:00:00,2.401176098721937
2023-10-04 02:00:00,2.3124104809476917
2023-10-04 03:00:00,2.7618526710914697
2023-10-04 04:00:00,2.5870573652175124
2023-10-04 05:00:00,3.1250357366429458
2023-10-04 06:00:00,2.977007646744501
2023-10-04 07:00:00,3.0650959600821612
2023-10-04 08:00:00,2.6019203344188266
2023-10-04 09:00:00,2.8069236363209074
2023-10-04 10:00:00,2.561240679260767
2023-10-04 11:00:00,2.3315586236451855
2023-10-04 12:00:00,2.062526792602809
2023-10-04 13:00:00,1.7024881783394128
2023-10-04 14:00:00,1.748259844063218
2023-10-04 15:00:00,1.2617136216603018
2023-10-04 16:00:00,0.9861407561373985
2023-10-04 17:00:00,1.0223289350371507
2023-10-04 18:00:00,0.809896410911094
2023-10-04 19:00:00,0.9412748890447606
2023-10-04 20:00:00,1.0985252729776818
2023-10-04 21:00:00,1.2169823946842664
2023-10-04 22:00:00,1.539879414561112
2023-10-04 23:00:00,2.130333233158742
2023-10-05 00:00:00,2.1141899679692013
2023-10-05 01:00:00,2.4732791745601257
2023-10-05 02:00:00,2.399258112526348
2023-10-05 03:00:00,2.58970352348552
2023-10-05 04:00:00,2.7903897944058325
2023-10-05 05:00:00,3.1365036457428346
2023-10-05 06:00:00,2.5703763043538204
2023-10-05 07:00:00,2.7592928712308
2023-10-05 08:00:00,2.886492573151288
2023-10-05 09:00:00,2.6622883077739634
2023-10-05 10:00:00,2.8935459364286036
2023-10-05 11:00:00,2.348355688251065
2023-10-05 12:00:00,1.867561711293937
2023-10-05 13:00:00,1.4256595411896062
2023-10-05 14:00:00,1.4318879930124415
2023-10-05 15:00:00,1.032249202277775
2023-10-05 16:00:00,1.227324726299248
2023-10-05 17:00:00,1.066295438159265
2023-10-05 18:00:00,1.0640063864185463
2023-10-05 19:00:00,1.4499095066699312
2023-10-05 20:00:00,0.9524813999315052
2023-10-05 21:00:00,1.254412377254262
2023-10-05 22:00:00,1.2574968511022144
2023-10-05 23:00:00,1.7250612516674306
2023-10-06 00:00:00,2.318654723190018
2023-10-06 01:00:00,2.3725635249266084
2023-10-06 02:00:00,2.4771025908821365
2023-10-06 03:00:00,2.757432830950533
2023-10-06 04:00:00,2.6238542761957158
2023-10-06 05:00:00,2.88717908395019
2023-10-06 06:00:00,3.0170505149140774
2023-10-06 07:00:00,2.9858102236307724
2023-10-06 08:00:00,2.559902154904717
2023-10-06 09:00:00,2.7726314170335207
2023-10-06 10:00:00,2.555839298502855
2023-10-06 11:00:00,2.1834088038479713
2023-10-06 12:00:00,2.0008349998164983
2023-10-06 13:00:00,1.4444826442238963
2023-10-06 14:00:00,1.2040408769351139
2023-10-06 15:00:00,1.3198306712811005
2023-10-06 16:00:00,1.0004299580323388
2023-10-06 17:00:00,1.0317630696660745
2023-10-06 18:00:00,1.1678981344635209
2023-10-06 19:00:00,0.9992881876499018
2023-10-06 20:00:00,0.5718409852497146
2023-10-06 21:00:00,1.2627624912092492
2023-10-06 22:00:00,1.4037911956011953
2023-10-06 23:00:00,1.6942420840328785
2023-10-07 00:00:00,2.1799461625143017
2023-10-07 01:00:00,1.9431130079142978
2023-10-07 02:00:00,2.548791324781604
2023-10-07 03:00:00,3.0211675635687856
2023-10-07 04:00:00,2.7408367807907315
2023-10-07 05:00:00,3.060391403526217
2023-10-07 06:00:00,3.1932611557941604
2023-10-07 07:00:00,3.0079721141094886
2023-10-07 08:00:00,2.7290060077181657
2023-10-07 09:00:00,2.5652025790449393
2023-10-07 10:00:00,2.6487600307532038
2023-10-07 11:00:00,2.377248863258895
2023-10-07 12:00:00,1.842706316985746
2023-10-07 13:00:00,1.5058863240252733
2023-10-07 14:00:00,1.243838657170203
2023-10-07 15:00:00,1.6252235910504225
2023-10-07 16:00:00,1.1203855721374543
2023-10-07 17:00:00,1.506119890841616
2023-10-07 18:00:00,1.1111091206141086
2023-10-07 19:00:00,1.121978638277687
2023-10-07 20:00:00,1.1952290938765942
2023-10-07 21:00:00,1.492723188852926
2023-10-07 22:00:00,1.3067873629911695
2023-10-07 23:00:00,2.1731835765716436
2023-10-08 00:00:00,1.9799396594776317
2023-10-08 01:00:00,2.1181390266639375
2023-10-08 02:00:00,2.560512200457673
2023-10-08 03:00:00,2.9255745563927036
2023-10-08 04:00:00,2.6645144286278457
2023-10-08 05:00:00,3.0792997007772787
2023-10-08 06:00:00,2.8567111684827045
2023-10-08 07:00:00,2.86467111965417
2023-10-08 08:00:00,2.768128920033442
2023-10-08 09:00:00,2.8598150744837385
2023-10-08 10:00:00,2.2781854536411257
2023-10-08 11:00:00,2.2973422671094363
2023-10-08 12:00:00,1.9313164271834944
2023-10-08 13:00:00,1.571738919305805
2023-10-08 14:00:00,1.2572952794491001
2023-10-08 15:00:00,1.0523155539102629
2023-10-08 16:00:00,0.8072153926850052
2023-10-08 17:00:00,1.2133076124607922
2023-10-08 18:00:00,0.951669367473756
2023-10-08 19:00:00,1.0658045597241779
2023-10-08 20:00:00,1.3696124691118663
2023-10-08 21:00:00,1.0488697874271473
2023-10-08 22:00:00,1.3116908649368464
2023-10-08 23:00:00,1.7921240622362324
2023-10-09 00:00:00,1.6351840895839032
2023-10-09 01:00:00,2.14307734250316
2023-10-09 02:00:00,2.315021385379901
2023-10-09 03:00:00,2.773011269620436
2023-10-09 04:00:00,2.780862230511656
2023-10-09 05:00:00,3.3675556821644577
2023-10-09 06:00:00,3.187578274413879
2023-10-09 07:00:00,2.795278129434011
2023-10-09 08:00:00,2.78856271629306
2023-10-09 09:00:00,2.637589878603461
2023-10-09 10:00:00,3.1613148698221325
2023-10-09 11:00:00,1.9567791163069064
2023-10-09 12:00:00,2.0407079400809285
2023-10-09 13:00:00,1.3242945278251708
2023-10-09 14:00:00,1.4986125117588305
2023-10-09 15:00:00,1.674871331195281
2023-10-09 16:00:00,1.0522835098807395
2023-10-09 17:00:00,1.2549850580053465
2023-10-09 18:00:00,0.9867769548093592
2023-10-09 19:00:00,0.949574430345844
2023-10-09 20:00:00,1.083643324426285
2023-10-09 21:00:00,1.1755126897774424
2023-10-09 22:00:00,1.374788345622006
2023-10-09 23:00:00,1.4751420724325832
2023-10-10 00:00:00,2.301360145789872
2023-10-10 01:00:00,2.1802037659438245
2023-10-10 02:00:00,2.558754862153126
2023-10-10 03:00:00,2.5318004108985965
2023-10-10 04:00:00,3.0894235156675034
2023-10-10 05:00:00,2.911214670707494
2023-10-10 06:00:00,2.9817934664284387
2023-10-10 07:00:00,2.6001304992298824
2023-10-10 08:00:00,2.9452206460123636
2023-10-10 09:00:00,3.0694079221506145
2023-10-10 10:00:00,2.326184482800007
2023-10-10 11:00:00,2.1671732143620317
2023-10-10 12:00:00,1.7723352083570243
2023-10-10 13:00:00,1.7670133897455726
2023-10-10 14:00:00,1.5128048395813745
2023-10-10 15:00:00,1.4339094391123475
2023-10-10 16:00:00,1.244269305575756
2023-10-10 17:00:00,0.8715709644738074
2023-10-10 18:00:00,1.0449896098128746
2023-10-10 19:00:00,0.968413952366431
2023-10-10 20:00:00,0.9157680007402109
2023-10-10 21:00:00,1.2675220442209247
2023-10-10 22:00:00,2.2603320429934244
2023-10-10 23:00:00,2.2042150816986505
2023-10-11 00:00:00,2.027965319553492
2023-10-11 01:00:00,2.606590486704671
2023-10-11 02:00:00,2.4909233271707274
2023-10-11 03:00:00,2.6964791132982424
2023-10-11 04:00:00,2.476111046258484
2023-10-11 05:00:00,2.773904713100212
2023-10-11 06:00:00,2.843300147202705
2023-10-11 07:00:00,2.987429632622163
2023-10-11 08:00:00,2.868822310756293
2023-10-11 09:00:00,2.5913183109081865
2023-10-11 10:00:00,2.382237360093239
2023-10-11 11:00:00,2.225588417980931
2023-10-11 12:00:00,1.7237176698635357
2023-10-11 13:00:00,1.618653242823779
2023-10-11 14:00:00,1.4237420260383686
2023-10-11 15:00:00,1.043103432198874
2023-10-11 16:00:00,1.0679270175626598
2023-10-11 17:00:00,0.8671127410040316
2023-10-11 18:00:00,1.2470764784018953
2023-10-11 19:00:00,0.9853134142831028
2023-10-11 20:00:00,1.0960654625642419
2023-10-11 21:00:00,1.3784988402177258
2023-10-11 22:00:00,1.6113936633681332
2023-10-11 23:00:00,1.3939325940374654
2023-10-12 00:00:00,1.9246431781784616
2023-10-12 01:00:00,2.0770125798520804
2023-10-12 02:00:00,2.470965951161344
2023-10-12 03:00:00,2.599840276946761
2023-10-12 04:00:00,2.897439296356002
2023-10-12 05:00:00,2.769833977176625
2023-10-12 06:00:00,2.8864465516959625
2023-10-12 07:00:00,2.847693892504605
2023-10-12 08:00:00,3.0825436778786273
2023-10-12 09:00:00,2.780707513042664
2023-10-12 10:00:00,2.5737777415171355
2023-10-12 11:00:00,2.20155538894051
2023-10-12 12:00:00,1.9230564295813313
2023-10-12 13:00:00,1.8533815325969842
2023-10-12 14:00:00,1.6554867867587788
2023-10-12 15:00:00,1.2959225759392323
2023-10-12 16:00:00,1.3623041853107856
2023-10-12 17:00:00,1.2889051792139683
2023-10-12 18:00:00,0.6670603921222171
2023-10-12 19:00:00,1.1201499506675314
2023-10-12 20:00:00,1.1254542105173673
2023-10-12 21:00:00,1.3705509816070855
2023-10-12 22:00:00,1.723195305605337
2023-10-12 23:00:00,1.5570733222791868
2023-10-13 00:00:00,1.6759451795154916
2023-10-13 01:00:00,2.480057339672742
2023-10-13 02:00:00,2.3003030710138863
2023-10-13 03:00:00,2.569862878402321
2023-10-13 04:00:00,2.9069495824683593
2023-10-13 05:00:00,2.8287054620567944
2023-10-13 06:00:00,2.6815578743368804
2023-10-13 07:00:00,2.9727637797722117
2023-10-13 08:00:00,2.709728471992059
2023-10-13 09:00:00,2.826678756760624
2023-10-13 10:00:00,2.39878468878429
2023-10-13 11:00:00,2.121129817358376
2023-10-13 12:00:00,1.9579998921779649
2023-10-13 13:00:00,1.9516116502652117
2023-10-13 14:00:00,1.6815808163275772
2023-10-13 15:00:00,1.0742479823214952
2023-10-13 16:00:00,1.6939161260329594
2023-10-13 17:00:00,0.9689189087939314
2023-10-13 18:00:00,0.7695168542080999
2023-10-13 19:00:00,1.2117205717206865
2023-10-13 20:00:00,1.0616401047446935
2023-10-13 21:00:00,1.7236371203813516
2023-10-13 22:00:00,1.6694816710963258
2023-10-13 23:00:00,1.7014369856357003
2023-10-14 00:00:00,2.3150613755464233
2023-10-14 01:00:00,2.428642087396601
2023-10-14 02:00:00,2.2542209606130217
2023-10-14 03:00:00,2.884785603101034
2023-10-14 04:00:00,2.7627279153947284
2023-10-14 05:00:00,2.94926056923974
2023-10-14 06:00:00,3.026210889843492
2023-10-14 07:00:00,2.79010662383582
2023-10-14 08:00:00,2.5993569480063012
2023-10-14 09:00:00,2.780663583370605
2023-10-14 10:00:00,2.222353300266018
2023-10-14 11:00:00,1.7437785197487035
2023-10-14 12:00:00,1.8327788791257424
2023-10-14 13:00:00,1.8073994391951782
2023-10-14 14:00:00,1.4460237732860168
2023-10-14 15:00:00,1.5463194069374686
2023-10-14 16:00:00,1.1707252953018963
2023-10-14 17:00:00,0.8808122433215118
2023-10-14 18:00:00,0.9120832899041011
2023-10-14 19:00:00,0.7467659018570894
2023-10-14 20:00:00,1.3511340411567392
2023-10-14 21:00:00,1.0166732015968551
2023-10-14 22:00:00,1.3159184735761467
2023-10-14 23:00:00,1.7091237108117074
2023-10-15 00:00:00,2.000470652898182
2023-10-15 01:00:00,1.9582889724005335
2023-10-15 02:00:00,2.3188928409560816
2023-10-15 03:00:00,2.7601149016344015
2023-10-15 04:00:00,3.091970075583835
2023-10-15 05:00:00,3.035726538707104
2023-10-15 06:00:00,2.9948380476818293
2023-10-15 07:00:00,2.6534440795150367
2023-10-15 08:00:00,2.742556934474034
2023-10-15 09:00:00,2.811405629448772
2023-10-15 10:00:00,2.7161893339709864
2023-10-15 11:00:00,2.4366942267335734
2023-10-15 12:00:00,2.0276143288891144
2023-10-15 13:00:00,1.982101048227355
2023-10-15 14:00:00,2.076292142632772
2023-10-15 15:00:00,1.174120835736932
2023-10-15 16:00:00,0.9813514371465619
2023-10-15 17:00:00,1.337770758866878
2023-10-15 18:00:00,1.047092905077084
2023-10-15 19:00:00,1.0565357113963882
2023-10-15 20:00:00,1.2124494617473673
2023-10-15 21:00:00,1.1619959177764396
2023-10-15 22:00:00,1.293040943049864
2023-10-15 23:00:00,1.585751452987805
2023-10-16 00:00:00,2.249189251366199
2023-10-16 01:00:00,1.971490912165609
2023-10-16 02:00:00,2.5997309291297213
2023-10-16 03:00:00,2.595569289181421
2023-10-16 04:00:00,2.7953520260413565
2023-10-16 05:00:00,3.11451602161073
2023-10-16 06:00:00,3.168797782671579
2023-10-16 07:00:00,3.034521133862456
2023-10-16 08:00:00,2.4914014713112334
2023-10-16 09:00:00,3.021299722921694
2023-10-16 10:00:00,2.7620393034399395
2023-10-16 11:00:00,2.277106411740773
2023-10-16 12:00:00,2.002051563391897
2023-10-16 13:00:00,2.1014707966215163
2023-10-16 14:00:00,1.6894448542587435
2023-10-16 15:00:00,1.287034338098501
2023-10-16 16:00:00,1.0755068610453227
2023-10-16 17:00:00,0.9953667515087337
2023-10-16 18:00:00,1.2354464108794332
2023-10-16 19:00:00,1.2420725306522662
2023-10-16 20:00:00,0.8112899939157991
2023-10-16 21:00:00,1.3858216985866694
2023-10-16 22:00:00,1.6728242662754846
2023-10-16 23:00:00,1.4398883217031575
2023-10-17 00:00:00,1.99940704971231
2023-10-17 01:00:00,1.9034103238272007
2023-10-17 02:00:00,2.5258985671882703
2023-10-17 03:00:00,2.290459880803958
2023-10-17 04:00:00,2.7296762990428594
2023-10-17 05:00:00,2.843712643390031
2023-10-17 06:00:00,2.858230035971479
2023-10-17 07:00:00,3.2562314296839876
2023-10-17 08:00:00,2.9731275177322662
2023-10-17 09:00:00,2.6271930091218714
2023-10-17 10:00:00,2.3133844318211767
2023-10-17 11:00:00,2.2110637817334626
2023-10-17 12:00:00,1.7941774063401732
2023-10-17 13:00:00,1.935796955727439
2023-10-17 14:00:00,1.8993532003095739
2023-10-17 15:00:00,1.503533198429882
2023-10-17 16:00:00,1.2003126653245921
2023-10-17 17:00:00,1.0009484170523009
2023-10-17 18:00:00,0.9189787421077078
2023-10-17 19:00:00,1.383131088248442
2023-10-17 20:00:00,1.018787474711242
2023-10-17 21:00:00,1.6051129301925913
2023-10-17 22:00:00,1.2736921515959638
2023-10-17 23:00:00,1.681934624017839
2023-10-18 00:00:00,1.657188681455796
2023-10-18 01:00:00,2.2906658853481945
2023-10-18 02:00:00,2.247254475624733
2023-10-18 03:00:00,3.0401166625446208
2023-10-18 04:00:00,2.948479858116646
2023-10-18 05:00:00,3.0734051756644307
2023-10-18 06:00:00,3.056535689832954
2023-10-18 07:00:00,2.747417663410852
2023-10-18 08:00:00,2.8908490613311932
2023-10-18 09:00:00,3.074522918760115
2023-10-18 10:00:00,2.501710985201278
2023-10-18 11:00:00,2.0554158047775672
2023-10-18 12:00:00,1.6295314686609936
2023-10-18 13:00:00,1.5985155568190565
2023-10-18 14:00:00,1.1475542204918596
2023-10-18 15:00:00,1.4589966926219544
2023-10-18 16:00:00,1.2902080494520223
2023-10-18 17:00:00,0.8589378082668255
2023-10-18 18:00:00,1.1227962616938854
2023-10-18 19:00:00,0.9187832431195357
2023-10-18 20:00:00,1.124851739660595
2023-10-18 21:00:00,1.3672843291264218
2023-10-18 22:00:00,1.4112079981920764
2023-10-18 23:00:00,1.824821624628083
2023-10-19 00:00:00,1.6628543899064778
2023-10-19 01:00:00,2.2823140427001114
2023-10-19 02:00:00,2.493009595522458
2023-10-19 03:00:00,2.297828153936935
2023-10-19 04:00:00,2.504087365238124
2023-10-19 05:00:00,2.594021105163676
2023-10-19 06:00:00,3.0828613667847904
2023-10-19 07:00:00,2.9907177516634027
2023-10-19 08:00:00,2.920816919219247
2023-10-19 09:00:00,2.441831082684949
2023-10-19 10:00:00,2.727794762133238
2023-10-19 11:00:00,2.455387289066029
2023-10-19 12:00:00,1.8466073929953568
2023-10-19 13:00:00,1.976393010188252
2023-10-19 14:00:00,1.4498155206437726
2023-10-19 15:00:00,0.937652214011444
2023-10-19 16:00:00,0.8074356429854053
2023-10-19 17:00:00,1.1808188712819276
2023-10-19 18:00:00,0.9791902378662041
2023-10-19 19:00:00,1.210319163001713
2023-10-19 20:00:00,1.1162999712690733
2023-10-19 21:00:00,1.3464273974856065
2023-10-19 22:00:00,1.9247052845960404
2023-10-19 23:00:00,2.020550772423719
2023-10-20 00:00:00,1.9134345462779414
2023-10-20 01:00:00,2.333812790043122
2023-10-20 02:00:00,2.598889088612344
2023-10-20 03:00:00,2.8593850146857633
2023-10-20 04:00:00,2.880227164822045
2023-10-20 05:00:00,2.8672194561900635
2023-10-20 06:00:00,2.9992754365526997
2023-10-20 07:00:00,2.869868404393401
2023-10-20 08:00:00,3.2026988600324082
2023-10-20 09:00:00,2.955252028953621
2023-10-20 10:00:00,2.4592769962241263
2023-10-20 11:00:00,2.3444774972412787
2023-10-20 12:00:00,1.9669081471528493
2023-10-20 13:00:00,1.979829182091156
2023-10-20 14:00:00,1.7097761032836218
2023-10-20 15:00:00,1.406615385355643
2023-10-20 16:00:00,1.3082274501384714
2023-10-20 17:00:00,1.166188335319248
2023-10-20 18:00:00,1.2348123707616598
2023-10-20 19:00:00,1.1403004483767754
2023-10-20 20:00:00,1.16435470203845
2023-10-20 21:00:00,1.177448094093588
2023-10-20 22:00:00,1.1856498525013506
2023-10-20 23:00:00,1.7356112787961302
2023-10-21 00:00:00,1.851788893319176
2023-10-21 01:00:00,2.270820858493901
2023-10-21 02:00:00,2.7280976848374348
2023-10-21 03:00:00,2.7416717162745976
2023-10-21 04:00:00,2.7830250695625036
2023-10-21 05:00:00,2.795300101316737
2023-10-21 06:00:00,2.7139729585152135
2023-10-21 07:00:00,3.232486893360565
2023-10-21 08:00:00,2.5106871999986105
2023-10-21 09:00:00,2.5201501759403193
2023-10-21 10:00:00,2.037359613260609
2023-10-21 11:00:00,2.1955907299525945
2023-10-21 12:00:00,1.9315430880478925
2023-10-21 13:00:00,1.6603220707715807
2023-10-21 14:00:00,1.4873740200047123
2023-10-21 15:00:00,1.1286402039299288
2023-10-21 16:00:00,0.9512434681178303
2023-10-21 17:00:00,1.397639456363153
2023-10-21 18:00:00,0.9331874103273259
2023-10-21 19:00:00,1.2156058987002833
2023-10-21 20:00:00,0.9666203876849653
2023-10-21 21:00:00,1.6154389377638778
2023-10-21 22:00:00,1.8028364262015277
2023-10-21 23:00:00,1.7873846913409073
2023-10-22 00:00:00,1.7800936814060837
2023-10-22 01:00:00,2.2762193222480422
2023-10-22 02:00:00,2.509460900008209
2023-10-22 03:00:00,2.755031564004451
2023-10-22 04:00:00,2.670381280544512
2023-10-22 05:00:00,2.6613257990532007
2023-10-22 06:00:00,3.0324726074764072
2023-10-22 07:00:00,2.963867563022329
2023-10-22 08:00:00,2.866440408168316
2023-10-22 09:00:00,2.9124668969567407
2023-10-22 10:00:00,2.204967903393768
2023-10-22 11:00:00,2.4609577883000644
2023-10-22 12:00:00,1.8513544919965668
2023-10-22 13:00:00,1.6621365417274885
2023-10-22 14:00:00,1.3348441273497573
2023-10-22 15:00:00,1.310817190381306
2023-10-22 16:00:00,0.7528110212555739
2023-10-22 17:00:00,0.9204570296535044
2023-10-22 18:00:00,0.8968486909429294
2023-10-22 19:00:00,1.2868602141835637
2023-10-22 20:00:00,1.1641142249729957
2023-10-22 21:00:00,1.431996881112706
2023-10-22 22:00:00,1.5011877628772992
2023-10-22 23:00:00,1.5314008806049433
2023-10-23 00:00:00,2.1814409736366085
2023-10-23 01:00:00,2.0897307766890307
2023-10-23 02:00:00,2.3947513318454274
2023-10-23 03:00:00,2.74352673694845
2023-10-23 04:00:00,3.055133161673856
2023-10-23 05:00:00,2.92564891763252
2023-10-23 06:00:00,3.302104946396655
2023-10-23 07:00:00,2.8516301432786584
2023-10-23 08:00:00,2.9991432611753797
2023-10-23 09:00:00,2.707830041376703
2023-10-23 10:00:00,2.809334367642495
2023-10-23 11:00:00,2.301700247754721
2023-10-23 12:00:00,1.6245374363887757
2023-10-23 13:00:00,1.9588479968593677
2023-10-23 14:00:00,1.4836902973319246
2023-10-23 15:00:00,1.1822808365997943
2023-10-23 16:00:00,1.378567548599738
2023-10-23 17:00:00,0.9678124465050337
2023-10-23 18:00:00,1.1199973486324684
2023-10-23 19:00:00,0.8803975098513837
2023-10-23 20:00:00,0.9667485708499721
2023-10-23 21:00:00,1.6550095709301524
2023-10-23 22:00:00,1.342593452547443
2023-10-23 23:00:00,1.6242267676139717
2023-10-24 00:00:00,1.6583358416264575
2023-10-24 01:00:00,2.584815493904088
2023-10-24 02:00:00,2.5795996646589803
2023-10-24 03:00:00,2.754662707877081
2023-10-24 04:00:00,3.0610530859001504
2023-10-24 05:00:00,2.70005851242221
2023-10-24 06:00:00,2.8917906436160656
2023-10-24 07:00:00,2.947638280039167
2023-10-24 08:00:00,2.5563311936387434
2023-10-24 09:00:00,2.9693922064565674
2023-10-24 10:00:00,2.4963141899613066
2023-10-24 11:00:00,2.194161317851445
2023-10-24 12:00:00,2.0472450979136734
2023-10-24 13:00:00,1.5906644980301272
2023-10-24 14:00:00,1.5090226007625929
2023-10-24 15:00:00,1.9784009282139448
2023-10-24 16:00:00,1.2549110022647412
2023-10-24 17:00:00,1.3677363856378046
2023-10-24 18:00:00,0.9289833755088159
2023-10-24 19:00:00,0.8837603756847408
2023-10-24 20:00:00,1.1959153140898908
2023-10-24 21:00:00,1.024552230128648
2023-10-24 22:00:00,1.0386084469108516
2023-10-24 23:00:00,1.8874994559018723
2023-10-25 00:00:00,2.1282676289944185
2023-10-25 01:00:00,2.425589289453117
2023-10-25 02:00:00,2.5056339746379903
2023-10-25 03:00:00,3.102781321162479
2023-10-25 04:00:00,2.8485597663728908
2023-10-25 05:00:00,2.8551328781309566
2023-10-25 06:00:00,2.3987002569985347
2023-10-25 07:00:00,2.9564926527584263
2023-10-25 08:00:00,3.032400960796382
2023-10-25 09:00:00,2.708479020894452
2023-10-25 10:00:00,2.724844346889351
2023-10-25 11:00:00,2.7177952783536443
2023-10-25 12:00:00,1.9653299583245414
2023-10-25 13:00:00,1.9874316668161696
2023-10-25 14:00:00,1.1828294849640133
2023-10-25 15:00:00,1.4991570396847864
2023-10-25 16:00:00,1.1466726922929456
2023-10-25 17:00:00,0.9897960740415177
2023-10-25 18:00:00,0.967320215998702
2023-10-25 19:00:00,1.002813480043194
2023-10-25 20:00:00,1.072214014346498
2023-10-25 21:00:00,1.332627812843413
2023-10-25 22:00:00,1.4651415731867115
2023-10-25 23:00:00,1.510022459104838
2023-10-26 00:00:00,2.0834107777983757
2023-10-26 01:00:00,2.137245455424588
2023-10-26 02:00:00,2.7095973229584476
2023-10-26 03:00:00,2.7003413878720552
2023-10-26 04:00:00,2.8914301944486693
2023-10-26 05:00:00,2.5560794436401335
2023-10-26 06:00:00,2.7486639743663757
2023-10-26 07:00:00,3.1538487049905557
2023-10-26 08:00:00,2.719262058579193
2023-10-26 09:00:00,2.600619249386778
2023-10-26 10:00:00,2.4444120065463615
2023-10-26 11:00:00,2.5315675636680552
2023-10-26 12:00:00,2.0748275995603196
2023-10-26 13:00:00,2.0032338755741397
2023-10-26 14:00:00,1.4464504404937986
2023-10-26 15:00:00,1.3355284715667548
2023-10-26 16:00:00,0.8933259051403504
2023-10-26 17:00:00,1.2696804207396104
2023-10-26 18:00:00,1.0217296407389707
2023-10-26 19:00:00,1.0428999934701868
2023-10-26 20:00:00,1.2016377040606692
2023-10-26 21:00:00,1.5822516335975294
2023-10-26 22:00:00,1.4571009787022553
2023-10-26 23:00:00,2.073788746448439
2023-10-27 00:00:00,1.829695483119228
2023-10-27 01:00:00,2.343255966696279
2023-10-27 02:00:00,2.901843712234978
2023-10-27 03:00:00,2.6091438349348355
2023-10-27 04:00:00,2.9150765744731046
2023-10-27 05:00:00,3.141426838856348
2023-10-27 06:00:00,2.9724200602202586
2023-10-27 07:00:00,2.6658551710562053
2023-10-27 08:00:00,2.6548335319706484
2023-10-27 09:00:00,2.82329329895735
2023-10-27 10:00:00,2.678303063997885
2023-10-27 11:00:00,2.415730111966697
2023-10-27 12:00:00,2.2292864027735937
2023-10-27 13:00:00,1.755577993884699
2023-10-27 14:00:00,1.5416466341422077
2023-10-27 15:00:00,0.9891194869819859
2023-10-27 16:00:00,1.197440386956024
2023-10-27 17:00:00,1.1566103307891464
2023-10-27 18:00:00,0.8833577410368028
2023-10-27 19:00:00,1.1628745134899086
2023-10-27 20:00:00,0.7707968273119619
2023-10-27 21:00:00,1.443113138372357
2023-10-27 22:00:00,1.560056864724164
2023-10-27 23:00:00,2.163302661615041
2023-10-28 00:00:00,2.282617107373018
2023-10-28 01:00:00,2.5602151168142555
2023-10-28 02:00:00,2.6634794192736173
2023-10-28 03:00:00,2.8364299039695924
2023-10-28 04:00:00,2.6296991408018524
2023-10-28 05:00:00,2.898907566218698
2023-10-28 06:00:00,3.365345694132173
2023-10-28 07:00:00,2.6746929365444587
2023-10-28 08:00:00,2.7759690368218246
2023-10-28 09:00:00,2.423259965023624
2023-10-28 10:00:00,2.79019036280648
2023-10-28 11:00:00,2.1456627793933967
2023-10-28 12:00:00,2.3089068731862477
2023-10-28 13:00:00,1.6584284561536558
2023-10-28 14:00:00,1.3991735839672774
2023-10-28 15:00:00,1.5485990566103598
2023-10-28 16:00:00,1.3217409414943224
2023-10-28 17:00:00,0.49081811186741753
2023-10-28 18:00:00,1.09022815797144
2023-10-28 19:00:00,1.154107549361379
2023-10-28 20:00:00,1.175935982395755
2023-10-28 21:00:00,1.1613616180484794
2023-10-28 22:00:00,1.505681688927903
2023-10-28 23:00:00,1.6615686587043381
2023-10-29 00:00:00,2.0422646055219382
2023-10-29 01:00:00,2.2183401925303157
2023-10-29 02:00:00,2.3756143683522257
2023-10-29 03:00:00,2.7398608704474485
2023-10-29 04:00:00,3.0265131858213064
2023-10-29 05:00:00,3.0237270047681233
2023-10-29 06:00:00,2.889271522013754
2023-10-29 07:00:00,3.0331766303631493
2023-10-29 08:00:00,3.079983882156254
2023-10-29 09:00:00,3.0261876149018114
2023-10-29 10:00:00,2.7415105168318625
2023-10-29 11:00:00,2.3662950837743457
2023-10-29 12:00:00,1.7981751937572334
2023-10-29 13:00:00,1.468070409513307
2023-10-29 14:00:00,1.4595237572562292
2023-10-29 15:00:00,1.0110562625022093
2023-10-29 16:00:00,0.9770176504034525
2023-10-29 17:00:00,1.0000497127607049
2023-10-29 18:00:00,0.9031579156522194
2023-10-29 19:00:00,0.9684905624488316
2023-10-29 20:00:00,0.86837367075594
2023-10-29 21:00:00,1.3391865707721013
2023-10-29 22:00:00,1.699301610213348
2023-10-29 23:00:00,1.6315534613396163
2023-10-30 00:00:00,2.145151068838278
2023-10-30 01:00:00,2.791364387846124
2023-10-30 02:00:00,2.4816377939731056
2023-10-30 03:00:00,2.837348782776456
2023-10-30 04:00:00,2.9053794218018876
2023-10-30 05:00:00,3.159850572133883
2023-10-30 06:00:00,2.656270024677581
2023-10-30 07:00:00,2.75453447270003
2023-10-30 08:00:00,2.89471818939872
2023-10-30 09:00:00,2.8844992944182817
2023-10-30 10:00:00,2.5261048051729817
2023-10-30 11:00:00,1.9259043949089767
2023-10-30 12:00:00,1.8352773447083532
2023-10-30 13:00:00,1.582239731378059
2023-10-30 14:00:00,1.5777983890005736
2023-10-30 15:00:00,1.1404854268453717
2023-10-30 16:00:00,0.9978131752554062
2023-10-30 17:00:00,1.2510236890384847
2023-10-30 18:00:00,1.267063255359718
2023-10-30 19:00:00,0.9514192126437311
2023-10-30 20:00:00,1.2189551306855257
2023-10-30 21:00:00,0.9165964591071756
2023-10-30 22:00:00,1.5396654118710655
2023-10-30 23:00:00,1.9791765648565947
2023-10-31 00:00:00,3.6053563410514835
2023-10-31 01:00:00,3.7790312139740365
2023-10-31 02:00:00,3.9222714053054504
2023-10-31 03:00:00,4.077748378068255
2023-10-31 04:00:00,4.330208922745645
2023-10-31 05:00:00,4.155637598641806
2023-10-31 06:00:00,4.822091795659649
2023-10-31 07:00:00,4.578767954368042
2023-10-31 08:00:00,4.345537996941798
2023-10-31 09:00:00,4.083145826221056
2023-10-31 10:00:00,3.9859320759684636
2023-10-31 11:00:00,3.918378033555095
2023-10-31 12:00:00,3.7022895782437866
2023-10-31 13:00:00,3.0604427688843745
2023-10-31 14:00:00,2.8052942479652514
2023-10-31 15:00:00,3.208539211375127
2023-10-31 16:00:00,2.861293167758708
2023-10-31 17:00:00,2.6757781618765355
2023-10-31 18:00:00,2.4722707512565263
2023-10-31 19:00:00,2.7188782413634898
2023-10-31 20:00:00,2.3793279610493454
2023-10-31 21:00:00,3.099246903120437
2023-10-31 22:00:00,2.992845555052546
2023-10-31 23:00:00,3.3993532553292685
2023-11-01 00:00:00,3.6292435549790274
2023-11-01 01:00:00,3.732504862850136
2023-11-01 02:00:00,3.964926728980465
2023-11-01 03:00:00,4.451423409441716
2023-11-01 04:00:00,4.57132488470097
2023-11-01 05:00:00,4.111479602292978
2023-11-01 06:00:00,4.161518852588708
2023-11-01 07:00:00,4.276681702217838
2023-11-01 08:00:00,4.187316324124525
2023-11-01 09:00:00,3.9834016066690925
2023-11-01 10:00:00,4.05442212865244
2023-11-01 11:00:00,3.6660781556757525
2023-11-01 12:00:00,3.7412249243524527
2023-11-01 13:00:00,3.531756508000955
2023-11-01 14:00:00,2.9942633525004827
2023-11-01 15:00:00,3.1295848085480262
2023-11-01 16:00:00,2.6388174582437265
2023-11-01 17:00:00,2.4471160443609596
2023-11-01 18:00:00,2.512957147858783
2023-11-01 19:00:00,2.723046174109541
2023-11-01 20:00:00,2.3110824016755784
2023-11-01 21:00:00,2.7511733543685626
2023-11-01 22:00:00,3.059481132063334
2023-11-01 23:00:00,3.313797887945206
2023-11-02 00:00:00,3.4263127313353885
2023-11-02 01:00:00,3.856576193631195
2023-11-02 02:00:00,4.058424323590161
2023-11-02 03:00:00,4.088725158492026
2023-11-02 04:00:00,4.8023451295721955
2023-11-02 05:00:00,4.553835867495334
2023-11-02 06:00:00,4.433763329965235
2023-11-02 07:00:00,4.351582019593387
2023-11-02 08:00:00,4.571907187430602
2023-11-02 09:00:00,4.227518739399367
2023-11-02 10:00:00,4.509622539563038
2023-11-02 11:00:00,3.67163422051215
2023-11-02 12:00:00,3.2514786123095822
2023-11-02 13:00:00,3.2356412631307343
2023-11-02 14:00:00,3.0350134917675087
2023-11-02 15:00:00,2.3692030918854035
2023-11-02 16:00:00,2.5721408933392684
2023-11-02 17:00:00,2.4603910854334266
2023-11-02 18:00:00,2.42624729275889
2023-11-02 19:00:00,2.408029024184816
2023-11-02 20:00:00,2.3653360875978593
2023-11-02 21:00:00,2.94450082909779
2023-11-02 22:00:00,2.8832318312020058
2023-11-02 23:00:00,3.036440664417306
2023-11-03 00:00:00,3.3480131464364247
2023-11-03 01:00:00,3.664354397153089
2023-11-03 02:00:00,4.021729424942576
2023-11-03 03:00:00,4.340774578458667
2023-11-03 04:00:00,4.175389504181416
2023-11-03 05:00:00,4.370066346778179
2023-11-03 06:00:00,4.230898454396005
2023-11-03 07:00:00,3.7874658276046054
2023-11-03 08:00:00,4.397184189930748
2023-11-03 09:00:00,4.511107484686718
2023-11-03 10:00:00,4.104416650670584
2023-11-03 11:00:00,3.657407053873936
2023-11-03 12:00:00,3.5192958285211087
2023-11-03 13:00:00,3.0062169346984633
2023-11-03 14:00:00,2.975541528393473
2023-11-03 15:00:00,2.7073513682019628
2023-11-03 16:00:00,2.4634317498020986
2023-11-03 17:00:00,2.615204619671853
2023-11-03 18:00:00,3.0199734328758114
2023-11-03 19:00:00,2.8671640749978744
2023-11-03 20:00:00,2.619559991951117
2023-11-03 21:00:00,2.9697161497565956
2023-11-03 22:00:00,3.172541486813946
2023-11-03 23:00:00,3.111673349760292
2023-11-04 00:00:00,3.6287808147001073
2023-11-04 01:00:00,3.470620625401284
2023-11-04 02:00:00,3.838940321629636
2023-11-04 03:00:00,4.254857355267781
2023-11-04 04:00:00,4.283067871313023
2023-11-04 05:00:00,4.817221554895105
2023-11-04 06:00:00,4.629608086911069
2023-11-04 07:00:00,4.389518202055892
2023-11-04 08:00:00,4.271909461161744
2023-11-04 09:00:00,4.244500902829201
2023-11-04 10:00:00,3.7888937422716014
2023-11-04 11:00:00,3.877941435761464
2023-11-04 12:00:00,3.2249396100108747
2023-11-04 13:00:00,3.3657829940896447
2023-11-04 14:00:00,2.9670810536039256
2023-11-04 15:00:00,2.875815922431706
2023-11-04 16:00:00,2.431457411147993
2023-11-04 17:00:00,2.583071215128551
2023-11-04 18:00:00,2.9824695483025305
2023-11-04 19:00:00,2.442630823218793
2023-11-04 20:00:00,2.697454568281359
2023-11-04 21:00:00,3.09400660876487
2023-11-04 22:00:00,3.152340828972029
2023-11-04 23:00:00,3.327558051726416
2023-11-05 00:00:00,3.2972621454957247
2023-11-05 01:00:00,3.503301370643163
2023-11-05 02:00:00,4.010686488136524
2023-11-05 03:00:00,4.114459610123899
2023-11-05 04:00:00,4.362213761029379
2023-11-05 05:00:00,4.507057161092958
2023-11-05 06:00:00,4.364714432231423
2023-11-05 07:00:00,4.564746431491846
2023-11-05 08:00:00,4.737736641502671
2023-11-05 09:00:00,4.0052385837104705
2023-11-05 10:00:00,3.906090728295825
2023-11-05 11:00:00,3.748896913366576
2023-11-05 12:00:00,3.7280919347881096
2023-11-05 13:00:00,3.003904554761122
2023-11-05 14:00:00,2.7869703791232103
2023-11-05 15:00:00,2.3601610162501956
2023-11-05 16:00:00,2.545902153572827
2023-11-05 17:00:00,2.6701033269152994
2023-11-05 18:00:00,2.713044941795628
2023-11-05 19:00:00,2.6055049059724666
2023-11-05 20:00:00,2.5137832003390517
2023-11-05 21:00:00,2.934187541553948
2023-11-05 22:00:00,3.0408637181232065
2023-11-05 23:00:00,2.857039835111483
2023-11-06 00:00:00,3.25438103347689
2023-11-06 01:00:00,4.061192106141732
2023-11-06 02:00:00,4.064441016595067
2023-11-06 03:00:00,3.9321479034848084
2023-11-06 04:00:00,4.530016025396783
2023-11-06 05:00:00,4.678212818241592
2023-11-06 06:00:00,4.412993194108061
2023-11-06 07:00:00,4.597462245566425
2023-11-06 08:00:00,3.618005276194078
2023-11-06 09:00:00,4.401822140224207
2023-11-06 10:00:00,4.235031078384001
2023-11-06 11:00:00,3.5338785021497396
2023-11-06 12:00:00,3.5564170799030737
2023-11-06 13:00:00,3.1735568462879957
2023-11-06 14:00:00,2.97949410384588
2023-11-06 15:00:00,2.7079171299064697
2023-11-06 16:00:00,2.3675155028445865
2023-11-06 17:00:00,2.91215491432727
2023-11-06 18:00:00,2.4379378300841568
2023-11-06 19:00:00,2.555025182563375
2023-11-06 20:00:00,2.432094480165246
2023-11-06 21:00:00,2.5855197865885886
2023-11-06 22:00:00,3.0825196830151143
2023-11-06 23:00:00,3.346459370927671
2023-11-07 00:00:00,3.6755848338649253
2023-11-07 01:00:00,3.979573845601189
2023-11-07 02:00:00,3.9579584918998423
2023-11-07 03:00:00,4.11826616838796
2023-11-07 04:00:00,4.5153881703542025
2023-11-07 05:00:00,4.338437985602972
2023-11-07 06:00:00,4.6743516991795655
2023-11-07 07:00:00,4.540825883737531
2023-11-07 08:00:00,4.5970306907011445
2023-11-07 09:00:00,4.3411851189561155
2023-11-07 10:00:00,3.7891108352218126
2023-11-07 11:00:00,3.585692316785302
2023-11-07 12:00:00,3.646497059401512
2023-11-07 13:00:00,3.6225921233810587
2023-11-07 14:00:00,2.735437659843411
2023-11-07 15:00:00,2.7975355396785533
2023-11-07 16:00:00,2.6903095077116594
2023-11-07 17:00:00,2.22891867133782
2023-11-07 18:00:00,2.5956249992726024
2023-11-07 19:00:00,2.515449615301436
2023-11-07 20:00:00,2.214663099972449
2023-11-07 21:00:00,3.1172388144633616
2023-11-07 22:00:00,2.8273583561857807
2023-11-07 23:00:00,2.984680272038419
2023-11-08 00:00:00,3.5840283244422935
2023-11-08 01:00:00,3.87031640428352
2023-11-08 02:00:00,4.14728228073923
2023-11-08 03:00:00,4.129906108744672
2023-11-08 04:00:00,4.363842536206251
2023-11-08 05:00:00,4.3197644736542795
2023-11-08 06:00:00,4.237960538873558
2023-11-08 07:00:00,4.6817519560999115
2023-11-08 08:00:00,4.345472866780897
2023-11-08 09:00:00,4.170643930101974
2023-11-08 10:00:00,3.600146481600997
2023-11-08 11:00:00,3.723144824246461
2023-11-08 12:00:00,3.3315011005817095
2023-11-08 13:00:00,3.206258224267562
2023-11-08 14:00:00,2.956151169628659
2023-11-08 15:00:00,2.7036002605468408
2023-11-08 16:00:00,2.8217423247977997
2023-11-08 17:00:00,2.6234850041757665
2023-11-08 18:00:00,2.7254309028943093
2023-11-08 19:00:00,2.269108699718973
2023-11-08 20:00:00,2.5041834107260046
2023-11-08 21:00:00,2.78483705514897
2023-11-08 22:00:00,2.91867220601929
2023-11-08 23:00:00,3.225329409798114
2023-11-09 00:00:00,3.263579320138269
2023-11-09 01:00:00,3.6155834336500714
2023-11-09 02:00:00,3.671689209029604
2023-11-09 03:00:00,4.029101670831871
2023-11-09 04:00:00,4.504860747862825
2023-11-09 05:00:00,4.423084449335887
2023-11-09 06:00:00,4.801150647751502
2023-11-09 07:00:00,4.346819051427934
2023-11-09 08:00:00,4.389839619958904
2023-11-09 09:00:00,3.9644563151560965
2023-11-09 10:00:00,4.520134374083464
2023-11-09 11:00:00,3.7230949253624575
2023-11-09 12:00:00,3.6659259680599035
2023-11-09 13:00:00,3.3238579590709216
2023-11-09 14:00:00,2.8832242370321968
2023-11-09 15:00:00,2.526712962506311
2023-11-09 16:00:00,2.665203221123316
2023-11-09 17:00:00,2.422716224838274
2023-11-09 18:00:00,2.4688991397016533
2023-11-09 19:00:00,2.664334585470418
2023-11-09 20:00:00,2.6496228273836326
2023-11-09 21:00:00,2.8683164782871713
2023-11-09 22:00:00,3.0300093152111125
2023-11-09 23:00:00,2.9477310883673393
2023-11-10 00:00:00,3.7792124391402933
2023-11-10 01:00:00,3.9939895043894493
2023-11-10 02:00:00,3.7727670291486444
2023-11-10 03:00:00,4.308166903471978
2023-11-10 04:00:00,4.2336205497520405
2023-11-10 05:00:00,4.316542558876417
2023-11-10 06:00:00,4.49903166773299
2023-11-10 07:00:00,4.815459472388615
2023-11-10 08:00:00,4.577616916080825
2023-11-10 09:00:00,4.3281510528529665
2023-11-10 10:00:00,3.769878872849192
2023-11-10 11:00:00,4.26970892885279
2023-11-10 12:00:00,3.674746209132177
2023-11-10 13:00:00,2.7714134709144895
2023-11-10 14:00:00,3.079894867041671
2023-11-10 15:00:00,2.6951542756298474
2023-11-10 16:00:00,2.7159710674053588
2023-11-10 17:00:00,2.6142022470728365
2023-11-10 18:00:00,2.316296184705979
2023-11-10 19:00:00,2.899251324172475
2023-11-10 20:00:00,2.673931520499431
2023-11-10 21:00:00,2.981162800115519
2023-11-10 22:00:00,3.2702847129496293
2023-11-10 23:00:00,3.0935494353070228
2023-11-11 00:00:00,3.317646303038699
2023-11-11 01:00:00,3.983200514872086
2023-11-11 02:00:00,4.27856748655134
2023-11-11 03:00:00,3.931703067028301
2023-11-11 04:00:00,4.7682740410159905
2023-11-11 05:00:00,4.418825163422295
2023-11-11 06:00:00,4.6383569057024765
2023-11-11 07:00:00,4.578803468110026
2023-11-11 08:00:00,4.171756939817794
2023-11-11 09:00:00,4.034297153397085
2023-11-11 10:00:00,3.5832815321410356
2023-11-11 11:00:00,3.5285890179772235
2023-11-11 12:00:00,3.2035048078514823
2023-11-11 13:00:00,3.249219058051591
2023-11-11 14:00:00,3.2738804305444074
2023-11-11 15:00:00,2.7874642326801444
2023-11-11 16:00:00,2.7017454286521234
2023-11-11 17:00:00,2.689674882384523
2023-11-11 18:00:00,2.63594188820406
2023-11-11 19:00:00,2.4569078736886305
2023-11-11 20:00:00,2.3413055840488637
2023-11-11 21:00:00,2.7069321168052918
2023-11-11 22:00:00,3.012591871052751
2023-11-11 23:00:00,3.066851912343347
2023-11-12 00:00:00,3.572392142140192
2023-11-12 01:00:00,3.7002766259140834
2023-11-12 02:00:00,4.124364305502178
2023-11-12 03:00:00,4.046458885949548
2023-11-12 04:00:00,4.18163187192257
2023-11-12 05:00:00,4.820737093829847
2023-11-12 06:00:00,4.5057512475427375
2023-11-12 07:00:00,4.576518596168179
2023-11-12 08:00:00,4.146340953206039
2023-11-12 09:00:00,4.131653890090121
2023-11-12 10:00:00,4.136433896561513
2023-11-12 11:00:00,4.071942217031774
2023-11-12 12:00:00,3.3551029850401193
2023-11-12 13:00:00,3.08059747260965
2023-11-12 14:00:00,2.99546621193114
2023-11-12 15:00:00,2.4880141888636818
2023-11-12 16:00:00,2.6279479349200616
2023-11-12 17:00:00,2.521128496787864
2023-11-12 18:00:00,2.644949830065852
2023-11-12 19:00:00,2.816996122248719
2023-11-12 20:00:00,2.747943459775571
2023-11-12 21:00:00,2.941203429005385
2023-11-12 22:00:00,3.0104557902268114
2023-11-12 23:00:00,3.169232039602256
2023-11-13 00:00:00,3.1008046261686646
2023-11-13 01:00:00,3.581574881267568
2023-11-13 02:00:00,4.043453336938647
2023-11-13 03:00:00,3.8779880364284995
2023-11-13 04:00:00,4.414603368341091
2023-11-13 05:00:00,4.385758884235479
2023-11-13 06:00:00,4.295688029483662
2023-11-13 07:00:00,4.371920962958077
2023-11-13 08:00:00,4.511781708036744
2023-11-13 09:00:00,4.384207003110456
2023-11-13 10:00:00,3.612595718510161
2023-11-13 11:00:00,3.7289222426727884
2023-11-13 12:00:00,3.6827769316567514
2023-11-13 13:00:00,3.189601982975593
2023-11-13 14:00:00,3.021763054182871
2023-11-13 15:00:00,2.493811043761416
2023-11-13 16:00:00,2.53796786485191
2023-11-13 17:00:00,2.8998292595885933
2023-11-13 18:00:00,2.3423863930969304
2023-11-13 19:00:00,2.245947705071731
2023-11-13 20:00:00,2.6638689479272233
2023-11-13 21:00:00,2.9506190854265792
2023-11-13 22:00:00,3.238762098125082
2023-11-13 23:00:00,3.137636426472413
2023-11-14 00:00:00,3.54449511532574
2023-11-14 01:00:00,3.867690020759549
2023-11-14 02:00:00,4.129842105566805
2023-11-14 03:00:00,4.097666232384654
2023-11-14 04:00:00,4.7085703899635645
2023-11-14 05:00:00,4.328466421778917
2023-11-14 06:00:00,4.641574431738627
2023-11-14 07:00:00,4.461543579059978
2023-11-14 08:00:00,4.248581690979531
2023-11-14 09:00:00,4.078536521394023
2023-11-14 10:00:00,3.8827306178159806
2023-11-14 11:00:00,3.6694448320918838
2023-11-14 12:00:00,3.29622288012889
2023-11-14 13:00:00,3.3806628955398392
2023-11-14 14:00:00,2.8592969368759533
2023-11-14 15:00:00,2.6698890490733858
2023-11-14 16:00:00,2.7317127144572266
2023-11-14 17:00:00,2.5124817850841947
2023-11-14 18:00:00,2.2156192729442177
2023-11-14 19:00:00,2.3468722740020755
2023-11-14 20:00:00,2.594663147331361
2023-11-14 21:00:00,2.677895651339923
2023-11-14 22:00:00,3.1500965074506206
2023-11-14 23:00:00,3.0883005490992836
2023-11-15 00:00:00,3.3065745857913322
2023-11-15 01:00:00,3.5567098033467794
2023-11-15 02:00:00,4.081331449391471
2023-11-15 03:00:00,4.303801126403695
2023-11-15 04:00:00,4.031536486270267
2023-11-15 05:00:00,4.590340865592679
2023-11-15 06:00:00,4.672194654099189
2023-11-15 07:00:00,4.12772627392725
2023-11-15 08:00:00,4.227939117912253
2023-11-15 09:00:00,4.492885266058146
2023-11-15 10:00:00,4.201220341205096
2023-11-15 11:00:00,3.7637775769527724
2023-11-15 12:00:00,3.600249879257866
2023-11-15 13:00:00,3.6635848796215207
2023-11-15 14:00:00,3.100559394690541
2023-11-15 15:00:00,2.5487314465296813
2023-11-15 16:00:00,2.9069623961357562
2023-11-15 17:00:00,2.359886395586006
2023-11-15 18:00:00,2.698780447169567
2023-11-15 19:00:00,2.665328305902301
2023-11-15 20:00:00,2.8118773068167013
2023-11-15 21:00:00,3.1010798138952325
2023-11-15 22:00:00,2.706817134298403
2023-11-15 23:00:00,3.227263243909721
2023-11-16 00:00:00,3.8892099005091287
2023-11-16 01:00:00,3.954095394006473
2023-11-16 02:00:00,4.035431667468286
2023-11-16 03:00:00,4.002472155180742
2023-11-16 04:00:00,4.387369502374824
2023-11-16 05:00:00,4.283549566580264
2023-11-16 06:00:00,4.206326608707115
2023-11-16 07:00:00,4.581221566900775
2023-11-16 08:00:00,4.379086524852125
2023-11-16 09:00:00,4.052404220634424
2023-11-16 10:00:00,4.078989637792465
2023-11-16 11:00:00,3.6580410675449553
2023-11-16 12:00:00,3.855911816841477
2023-11-16 13:00:00,3.23506646602348
2023-11-16 14:00:00,3.3154176424940545
2023-11-16 15:00:00,2.6303327986456972
2023-11-16 16:00:00,2.756644429296272
2023-11-16 17:00:00,2.902814169006449
2023-11-16 18:00:00,2.554218196443172
2023-11-16 19:00:00,2.7613636991212207
2023-11-16 20:00:00,2.286308222580608
2023-11-16 21:00:00,2.934320167677652
2023-11-16 22:00:00,3.0060772262929514
2023-11-16 23:00:00,3.394181350374361
2023-11-17 00:00:00,3.673533043602611
2023-11-17 01:00:00,3.3075690215403792
2023-11-17 02:00:00,3.9112794520787846
2023-11-17 03:00:00,4.073102125066665
2023-11-17 04:00:00,4.396458241785561
2023-11-17 05:00:00,4.077819146855118
2023-11-17 06:00:00,4.28189826650366
2023-11-17 07:00:00,4.6663099669946035
2023-11-17 08:00:00,4.401403892994912
2023-11-17 09:00:00,3.9895038729032524
2023-11-17 10:00:00,3.9493565265889408
2023-11-17 11:00:00,3.9784736566476653
2023-11-17 12:00:00,3.1320866428064265
2023-11-17 13:00:00,3.1988952321890407
2023-11-17 14:00:00,2.9540673513418425
2023-11-17 15:00:00,2.8302891017073
2023-11-17 16:00:00,2.7347304894491327
2023-11-17 17:00:00,2.9161426740285497
2023-11-17 18:00:00,2.6107562388853225
2023-11-17 19:00:00,2.416577880245415
2023-11-17 20:00:00,2.8855645848047136
2023-11-17 21:00:00,2.621159539193865
2023-11-17 22:00:00,3.0872374190683445
2023-11-17 23:00:00,3.5554735651593834
2023-11-18 00:00:00,3.7154629762735003
2023-11-18 01:00:00,3.921036980433456
2023-11-18 02:00:00,3.5536924722556336
2023-11-18 03:00:00,4.186906277725467
2023-11-18 04:00:00,4.248550390474566
2023-11-18 05:00:00,4.7308994805848
2023-11-18 06:00:00,4.668129695627618
2023-11-18 07:00:00,4.518147062601668
2023-11-18 08:00:00,4.524913733444693
2023-11-18 09:00:00,4.07718348388415
2023-11-18 10:00:00,4.12685690207676
2023-11-18 11:00:00,3.777819577597483
2023-11-18 12:00:00,3.163358638597024
2023-11-18 13:00:00,3.3099901824964983
2023-11-18 14:00:00,3.141431606126677
2023-11-18 15:00:00,3.0315761358416324
2023-11-18 16:00:00,2.7394523017285675
2023-11-18 17:00:00,2.735414958495399
2023-11-18 18:00:00,2.153534533583345
2023-11-18 19:00:00,2.459391741140857
2023-11-18 20:00:00,2.60547251679954
2023-11-18 21:00:00,2.726944745860932
2023-11-18 22:00:00,2.982191576100687
2023-11-18 23:00:00,3.1257017051497193
2023-11-19 00:00:00,3.6472330958489487
2023-11-19 01:00:00,3.560577935408034
2023-11-19 02:00:00,4.025034922339224
2023-11-19 03:00:00,4.221737323821227
2023-11-19 04:00:00,4.394812850660336
2023-11-19 05:00:00,4.276380962744037
2023-11-19 06:00:00,4.7798459849370705
2023-11-19 07:00:00,4.42070108101816
2023-11-19 08:00:00,4.078254570815103
2023-11-19 09:00:00,4.367366984845978
2023-11-19 10:00:00,3.9993337108132323
2023-11-19 11:00:00,3.7394307335710524
2023-11-19 12:00:00,3.4808257099898086
2023-11-19 13:00:00,3.320268347683592
2023-11-19 14:00:00,2.989351391574459
2023-11-19 15:00:00,2.6381933023145487
2023-11-19 16:00:00,2.350137494636848
2023-11-19 17:00:00,2.5947645602298635
2023-11-19 18:00:00,2.196358658962113
2023-11-19 19:00:00,2.7580157187606895
2023-11-19 20:00:00,2.4432024038647295
2023-11-19 21:00:00,2.6229704144202914
2023-11-19 22:00:00,2.8036200613904922
2023-11-19 23:00:00,2.968565421266311
2023-11-20 00:00:00,3.345480288067425
2023-11-20 01:00:00,3.702093954651208
2023-11-20 02:00:00,3.534479191459768
2023-11-20 03:00:00,3.7180612830307713
2023-11-20 04:00:00,4.222852418319716
2023-11-20 05:00:00,4.6426051947802875
2023-11-20 06:00:00,4.239912028679983
2023-11-20 07:00:00,4.450658009473345
2023-11-20 08:00:00,4.652136766900435
2023-11-20 09:00:00,3.942425064541811
2023-11-20 10:00:00,3.91232876676664
2023-11-20 11:00:00,3.6101885488647505
2023-11-20 12:00:00,3.6783935163996095
2023-11-20 13:00:00,3.3339555079432044
2023-11-20 14:00:00,3.123532169347018
2023-11-20 15:00:00,3.2921766313654266
2023-11-20 16:00:00,2.959869640777373
2023-11-20 17:00:00,2.5142652333728632
2023-11-20 18:00:00,2.459601608948368
2023-11-20 19:00:00,2.2443089959769855
2023-11-20 20:00:00,2.291141658729043
2023-11-20 21:00:00,2.7829649046578706
2023-11-20 22:00:00,2.740120907323494
2023-11-20 23:00:00,3.366252040773968
2023-11-21 00:00:00,3.3416561424554496
2023-11-21 01:00:00,3.6422303662014937
2023-11-21 02:00:00,3.6894638917881464
2023-11-21 03:00:00,4.629137486030317
2023-11-21 04:00:00,4.5177913135890275
2023-11-21 05:00:00,4.323939778075152
2023-11-21 06:00:00,4.530229406429231
2023-11-21 07:00:00,4.730544087885315
2023-11-21 08:00:00,4.180460388939071
2023-11-21 09:00:00,4.588426517727745
2023-11-21 10:00:00,3.793565021117452
2023-11-21 11:00:00,3.723346748448225
2023-11-21 12:00:00,3.169924320870619
2023-11-21 13:00:00,2.733478729686541
2023-11-21 14:00:00,3.2020181561071945
2023-11-21 15:00:00,2.81003363721619
2023-11-21 16:00:00,2.287202400152664
2023-11-21 17:00:00,2.205953932684931
2023-11-21 18:00:00,2.729072279931383
2023-11-21 19:00:00,2.503955152006375
2023-11-21 20:00:00,2.920263245634885
2023-11-21 21:00:00,2.9202105724606904
2023-11-21 22:00:00,2.986687430489262
2023-11-21 23:00:00,3.2476469510511166
2023-11-22 00:00:00,3.3889852705506076
2023-11-22 01:00:00,3.778376266948325
2023-11-22 02:00:00,3.9878030035979837
2023-11-22 03:00:00,4.374610115718342
2023-11-22 04:00:00,4.333341715569208
2023-11-22 05:00:00,4.630636924662796
2023-11-22 06:00:00,4.684126458154979
2023-11-22 07:00:00,4.50207834768553
2023-11-22 08:00:00,4.103431736984599
2023-11-22 09:00:00,4.175011439976121
2023-11-22 10:00:00,3.618785070802845
2023-11-22 11:00:00,3.517494720832051
2023-11-22 12:00:00,3.64608366663202
2023-11-22 13:00:00,3.3401595127829937
2023-11-22 14:00:00,2.9993582243130508
2023-11-22 15:00:00,2.7324065874139607
2023-11-22 16:00:00,2.4860944069715245
2023-11-22 17:00:00,2.431511757122556
2023-11-22 18:00:00,2.6930503034548012
2023-11-22 19:00:00,2.6294100251828803
2023-11-22 20:00:00,2.359731297507424
2023-11-22 21:00:00,2.832663787326326
2023-11-22 22:00:00,3.0279925659376525
2023-11-22 23:00:00,3.5709156495730614
2023-11-23 00:00:00,3.1484896501030963
2023-11-23 01:00:00,3.6021931372831864
2023-11-23 02:00:00,4.194725167243329
2023-11-23 03:00:00,3.984920336304098
2023-11-23 04:00:00,4.843149730252902
2023-11-23 05:00:00,4.230136981864749
2023-11-23 06:00:00,4.505824429043825
2023-11-23 07:00:00,4.577835337880059
2023-11-23 08:00:00,4.542232832290096
2023-11-23 09:00:00,4.350148478137601
2023-11-23 10:00:00,3.9075844927428838
2023-11-23 11:00:00,3.9414604462311313
2023-11-23 12:00:00,3.349069502440442
2023-11-23 13:00:00,3.1341855263649414
2023-11-23 14:00:00,3.091328492235018
2023-11-23 15:00:00,3.094808610397994
2023-11-23 16:00:00,2.5883403487334773
2023-11-23 17:00:00,2.3560058672398956
2023-11-23 18:00:00,2.7419543814626457
2023-11-23 19:00:00,2.2811141672110518
2023-11-23 20:00:00,3.0016108940228845
2023-11-23 21:00:00,2.5960766811218354
2023-11-23 22:00:00,3.128189689364252
2023-11-23 23:00:00,3.426519200002332
2023-11-24 00:00:00,3.6570068108925726
2023-11-24 01:00:00,3.8042195726304757
2023-11-24 02:00:00,4.009905910373619
2023-11-24 03:00:00,3.8764706809076666
2023-11-24 04:00:00,4.209861476241937
2023-11-24 05:00:00,4.610854763760182
2023-11-24 06:00:00,4.632673833323481
2023-11-24 07:00:00,4.258349565166871
2023-11-24 08:00:00,4.435421207763474
2023-11-24 09:00:00,4.257512978904633
2023-11-24 10:00:00,4.350183768490671
2023-11-24 11:00:00,3.675138813155219
2023-11-24 12:00:00,3.39602854637274
2023-11-24 13:00:00,3.0564923612322987
2023-11-24 14:00:00,2.8001443058361066
2023-11-24 15:00:00,2.8678828911256944
2023-11-24 16:00:00,2.49310636839975
2023-11-24 17:00:00,2.749014945304971
2023-11-24 18:00:00,2.3745401877370877
2023-11-24 19:00:00,2.840873308751615
2023-11-24 20:00:00,2.7175196878001593
2023-11-24 21:00:00,2.844569944093435
2023-11-24 22:00:00,2.7699142874332807
2023-11-24 23:00:00,3.3070037921372033
2023-11-25 00:00:00,3.5091043953046714
2023-11-25 01:00:00,3.885235565777823
2023-11-25 02:00:00,3.8978305403483238
2023-11-25 03:00:00,3.916380805925253
2023-11-25 04:00:00,4.421069723561374
2023-11-25 05:00:00,4.493883275628906
2023-11-25 06:00:00,4.548778472106549
2023-11-25 07:00:00,4.6670558587844075
2023-11-25 08:00:00,4.178097277225342
2023-11-25 09:00:00,3.7307567536475306
2023-11-25 10:00:00,4.095005400469423
2023-11-25 11:00:00,3.8400015491431185
2023-11-25 12:00:00,3.4045887388361242
2023-11-25 13:00:00,3.275300595210327
2023-11-25 14:00:00,2.79044383805496
2023-11-25 15:00:00,2.3716537764141865
2023-11-25 16:00:00,2.2953923065384343
2023-11-25 17:00:00,2.5425464016863466
2023-11-25 18:00:00,2.776542082958743
2023-11-25 19:00:00,2.456170496049908
2023-11-25 20:00:00,2.796762178249048
2023-11-25 21:00:00,2.6740268245185357
2023-11-25 22:00:00,2.988912195424148
2023-11-25 23:00:00,3.4004930996692053
2023-11-26 00:00:00,3.526635977021822
2023-11-26 01:00:00,3.6504833753624966
2023-11-26 02:00:00,3.82693952729515
2023-11-26 03:00:00,4.188601156201754
2023-11-26 04:00:00,4.602445822337707
2023-11-26 05:00:00,4.151794907552562
2023-11-26 06:00:00,4.671866152305332
2023-11-26 07:00:00,4.522655224848634
2023-11-26 08:00:00,4.1722029504043325
2023-11-26 09:00:00,4.203432035362353
2023-11-26 10:00:00,3.9591929106536496
2023-11-26 11:00:00,3.5692709721254277
2023-11-26 12:00:00,3.392112978029309
2023-11-26 13:00:00,2.989923494740193
2023-11-26 14:00:00,2.5856952825179
2023-11-26 15:00:00,2.823140506345413
2023-11-26 16:00:00,2.842872486225728
2023-11-26 17:00:00,2.860743985972541
2023-11-26 18:00:00,2.2777242904288215
2023-11-26 19:00:00,2.963547206736987
2023-11-26 20:00:00,2.9392359428506483
2023-11-26 21:00:00,3.0775882256242237
2023-11-26 22:00:00,2.8428667214865455
2023-11-26 23:00:00,3.12873062988118
2023-11-27 00:00:00,3.112328516420054
2023-11-27 01:00:00,3.797050892447845
2023-11-27 02:00:00,3.9212794152155195
2023-11-27 03:00:00,4.239464918796813
2023-11-27 04:00:00,4.199121796722823
2023-11-27 05:00:00,4.600499919917532
2023-11-27 06:00:00,4.568637621923154
2023-11-27 07:00:00,4.237101210351538
2023-11-27 08:00:00,4.356847814682175
2023-11-27 09:00:00,4.264043681383745
2023-11-27 10:00:00,4.401688311242289
2023-11-27 11:00:00,3.7779752145223404
2023-11-27 12:00:00,3.3119182005691936
2023-11-27 13:00:00,3.177928344543035
2023-11-27 14:00:00,2.99375530682556
2023-11-27 15:00:00,2.766174161086063
2023-11-27 16:00:00,2.2656802176117283
2023-11-27 17:00:00,2.4677587946680486
2023-11-27 18:00:00,2.3613382210750378
2023-11-27 19:00:00,2.4819715814646113
2023-11-27 20:00:00,3.0581670772853498
2023-11-27 21:00:00,2.6264350973371764
2023-11-27 22:00:00,3.287588200819945
2023-11-27 23:00:00,3.4733045837661485
2023-11-28 00:00:00,3.6366995637951494
2023-11-28 01:00:00,3.759441128776766
2023-11-28 02:00:00,4.130878684178124
2023-11-28 03:00:00,4.117122825544201
2023-11-28 04:00:00,4.256733577501949
2023-11-28 05:00:00,4.316353491860702
2023-11-28 06:00:00,4.554780318189431
2023-11-28 07:00:00,4.423971709893911
2023-11-28 08:00:00,4.318108390584721
2023-11-28 09:00:00,4.49115254372954
2023-11-28 10:00:00,3.8590502976435017
2023-11-28 11:00:00,3.905892024167182
2023-11-28 12:00:00,3.3956144765716614
2023-11-28 13:00:00,2.9227419497448035
2023-11-28 14:00:00,2.714809910431887
2023-11-28 15:00:00,2.694582744283484
2023-11-28 16:00:00,2.7598968941566766
2023-11-28 17:00:00,2.662431452576861
2023-11-28 18:00:00,2.451862569465179
2023-11-28 19:00:00,2.657758515481963
2023-11-28 20:00:00,2.649227218230702
2023-11-28 21:00:00,2.7405951549657934
2023-11-28 22:00:00,3.1709462532944723
2023-11-28 23:00:00,3.478759734969392
2023-11-29 00:00:00,3.7032054785197546
2023-11-29 01:00:00,3.6974444529047585
2023-11-29 02:00:00,4.1135415255715575
2023-11-29 03:00:00,3.781257646880247
2023-11-29 04:00:00,4.405038788331109
2023-11-29 05:00:00,4.53812629943612
2023-11-29 06:00:00,4.530395039791158
2023-11-29 07:00:00,4.421471280298081
2023-11-29 08:00:00,4.626980041034907
2023-11-29 09:00:00,4.18845924103832
2023-11-29 10:00:00,3.9720924129027844
2023-11-29 11:00:00,3.710631695799419
2023-11-29 12:00:00,3.7068210758634113
2023-11-29 13:00:00,3.182689030139588
2023-11-29 14:00:00,2.833130126402669
2023-11-29 15:00:00,2.7711415104920887
2023-11-29 16:00:00,2.9755173477906824
2023-11-29 17:00:00,2.4739369507370306
2023-11-29 18:00:00,2.6231543268470707
2023-11-29 19:00:00,2.478452025947739
2023-11-29 20:00:00,2.578625233274226
2023-11-29 21:00:00,2.680724942059529
2023-11-29 22:00:00,2.7567391881308945
2023-11-29 23:00:00,3.2192246292154953
